薬効分類コード,意味,服薬指導文章
1112,全身麻酔剤,全身麻酔剤は手術時に使用され、通常は退院後も継続して使用する薬剤ではありません｜手術後の状態は安定しており、合併症の兆候は見られません｜麻酔からの覚醒は順調で、意識レベルも正常に回復しています｜術後の疼痛管理は適切に行われており、鎮痛剤の使用状況も良好です
1114,全身麻酔剤,全身麻酔剤は手術時に使用され、通常は退院後も継続して使用する薬剤ではありません｜手術後の状態は安定しており、合併症の兆候は見られません｜麻酔からの覚醒は順調で、意識レベルも正常に回復しています｜術後の疼痛管理は適切に行われており、鎮痛剤の使用状況も良好です
1115,全身麻酔剤,全身麻酔剤は手術時に使用され、通常は退院後も継続して使用する薬剤ではありません｜手術後の状態は安定しており、合併症の兆候は見られません｜麻酔からの覚醒は順調で、意識レベルも正常に回復しています｜術後の疼痛管理は適切に行われており、鎮痛剤の使用状況も良好です
1116,全身麻酔剤,全身麻酔剤は手術時に使用され、通常は退院後も継続して使用する薬剤ではありません｜手術後の状態は安定しており、合併症の兆候は見られません｜麻酔からの覚醒は順調で、意識レベルも正常に回復しています｜術後の疼痛管理は適切に行われており、鎮痛剤の使用状況も良好です
1119,全身麻酔剤,全身麻酔剤は手術時に使用され、通常は退院後も継続して使用する薬剤ではありません｜手術後の状態は安定しており、合併症の兆候は見られません｜麻酔からの覚醒は順調で、意識レベルも正常に回復しています｜術後の疼痛管理は適切に行われており、鎮痛剤の使用状況も良好です
1121,催眠鎮静剤、抗不安剤,症状の変動なく、眠気やふらつきの訴えなし｜日中の眠気や集中力低下などの副作用は確認されず｜離脱症状や依存性の懸念なく、順調に服用継続｜残薬管理良好、次回の処方量に問題なし
1123,催眠鎮静剤、抗不安剤,症状の変動なく、眠気やふらつきの訴えなし｜日中の眠気や集中力低下などの副作用は確認されず｜離脱症状や依存性の懸念なく、順調に服用継続｜残薬管理良好、次回の処方量に問題なし
1124,催眠鎮静剤、抗不安剤,症状の変動なく、眠気やふらつきの訴えなし｜日中の眠気や集中力低下などの副作用は確認されず｜離脱症状や依存性の懸念なく、順調に服用継続｜残薬管理良好、次回の処方量に問題なし
1125,催眠鎮静剤、抗不安剤,症状の変動なく、眠気やふらつきの訴えなし｜日中の眠気や集中力低下などの副作用は確認されず｜離脱症状や依存性の懸念なく、順調に服用継続｜残薬管理良好、次回の処方量に問題なし
1126,催眠鎮静剤、抗不安剤,症状の変動なく、眠気やふらつきの訴えなし｜日中の眠気や集中力低下などの副作用は確認されず｜離脱症状や依存性の懸念なく、順調に服用継続｜残薬管理良好、次回の処方量に問題なし
1129,催眠鎮静剤、抗不安剤,症状の変動なく、眠気やふらつきの訴えなし｜日中の眠気や集中力低下などの副作用は確認されず｜離脱症状や依存性の懸念なく、順調に服用継続｜残薬管理良好、次回の処方量に問題なし
1131,抗てんかん剤,発作の回数、頻度、程度に変化なく安定している｜眠気、ふらつき、めまいなどの副作用なく服薬継続できている｜食欲不振、吐き気、便秘などの消化器症状の訴えなし｜意欲減退、気分の落ち込みなどの精神症状の訴えなく問題なし｜処方医の指示通りに定期的な受診を継続している
1132,抗てんかん剤,発作の回数、頻度、程度に変化なく安定している｜眠気、ふらつき、めまいなどの副作用なく服薬継続できている｜食欲不振、吐き気、便秘などの消化器症状の訴えなし｜意欲減退、気分の落ち込みなどの精神症状の訴えなく問題なし｜処方医の指示通りに定期的な受診を継続している
1133,抗てんかん剤,発作の回数、頻度、程度に変化なく安定している｜眠気、ふらつき、めまいなどの副作用なく服薬継続できている｜食欲不振、吐き気、便秘などの消化器症状の訴えなし｜意欲減退、気分の落ち込みなどの精神症状の訴えなく問題なし｜処方医の指示通りに定期的な受診を継続している
1135,抗てんかん剤,発作の回数、頻度、程度に変化なく安定している｜眠気、ふらつき、めまいなどの副作用なく服薬継続できている｜食欲不振、吐き気、便秘などの消化器症状の訴えなし｜意欲減退、気分の落ち込みなどの精神症状の訴えなく問題なし｜処方医の指示通りに定期的な受診を継続している
1137,抗てんかん剤,発作の回数、頻度、程度に変化なく安定している｜眠気、ふらつき、めまいなどの副作用なく服薬継続できている｜食欲不振、吐き気、便秘などの消化器症状の訴えなし｜意欲減退、気分の落ち込みなどの精神症状の訴えなく問題なし｜処方医の指示通りに定期的な受診を継続している
1139,抗てんかん剤,発作の回数、頻度、程度に変化なく安定している｜眠気、ふらつき、めまいなどの副作用なく服薬継続できている｜食欲不振、吐き気、便秘などの消化器症状の訴えなし｜意欲減退、気分の落ち込みなどの精神症状の訴えなく問題なし｜処方医の指示通りに定期的な受診を継続している
1141,解熱鎮痛消炎剤,頭痛・発熱・炎症などの症状は改善傾向｜薬剤による胃部不快感・吐き気などの消化器症状の訴えなし｜眠気・めまいなどの副作用なく服薬継続｜体調の変化に注意しながら服薬継続｜症状の改善と副作用の有無を確認し服薬指導実施
1143,解熱鎮痛消炎剤,頭痛・発熱・炎症などの症状は改善傾向｜薬剤による胃部不快感・吐き気などの消化器症状の訴えなし｜眠気・めまいなどの副作用なく服薬継続｜体調の変化に注意しながら服薬継続｜症状の改善と副作用の有無を確認し服薬指導実施
1144,解熱鎮痛消炎剤,頭痛・発熱・炎症などの症状は改善傾向｜薬剤による胃部不快感・吐き気などの消化器症状の訴えなし｜眠気・めまいなどの副作用なく服薬継続｜体調の変化に注意しながら服薬継続｜症状の改善と副作用の有無を確認し服薬指導実施
1145,解熱鎮痛消炎剤,頭痛・発熱・炎症などの症状は改善傾向｜薬剤による胃部不快感・吐き気などの消化器症状の訴えなし｜眠気・めまいなどの副作用なく服薬継続｜体調の変化に注意しながら服薬継続｜症状の改善と副作用の有無を確認し服薬指導実施
1147,解熱鎮痛消炎剤,頭痛・発熱・炎症などの症状は改善傾向｜薬剤による胃部不快感・吐き気などの消化器症状の訴えなし｜眠気・めまいなどの副作用なく服薬継続｜体調の変化に注意しながら服薬継続｜症状の改善と副作用の有無を確認し服薬指導実施
1148,解熱鎮痛消炎剤,頭痛・発熱・炎症などの症状は改善傾向｜薬剤による胃部不快感・吐き気などの消化器症状の訴えなし｜眠気・めまいなどの副作用なく服薬継続｜体調の変化に注意しながら服薬継続｜症状の改善と副作用の有無を確認し服薬指導実施
1149,解熱鎮痛消炎剤,頭痛・発熱・炎症などの症状は改善傾向｜薬剤による胃部不快感・吐き気などの消化器症状の訴えなし｜眠気・めまいなどの副作用なく服薬継続｜体調の変化に注意しながら服薬継続｜症状の改善と副作用の有無を確認し服薬指導実施
1151,興奮剤、覚せい剤,興奮剤、覚せい剤といった分類の薬剤は、ADHD（注意欠如・多動症）などの疾患の治療に用いられることが多く、症状の改善や生活の質の向上を目的としています。そのため、服薬指導の際には、薬そのものだけでなく、患者さんの疾患や生活状況に合わせたアセスメントが重要になります。以下に、3〜5パターンのテンプレート文章を記載します。---**テンプレート文章例**ADHD症状（不注意、多動性、衝動性）の軽減が見られ、学業や社会生活への適応が良好に推移している｜興奮作用による不眠や食欲不振などの副作用訴えなく、内服継続に問題なし｜攻撃性やイライラ感などの感情の不安定さなく、精神状態は安定している｜心血管系への影響（動悸、血圧上昇など）の兆候なく、内服継続に問題なし｜日中の眠気や倦怠感の軽減により、集中力や活動性が向上し、日々の生活にハリが出てきている
1161,抗パーキンソン剤,パーキンソン病症状（振戦、動作緩慢、固縮）の改善傾向を認める｜傾眠、幻覚、口渇などの副作用なく内服継続可能｜便秘傾向の訴えなく経過良好｜規則正しい服薬が継続できている
1162,抗パーキンソン剤,パーキンソン病症状（振戦、動作緩慢、固縮）の改善傾向を認める｜傾眠、幻覚、口渇などの副作用なく内服継続可能｜便秘傾向の訴えなく経過良好｜規則正しい服薬が継続できている
1164,抗パーキンソン剤,パーキンソン病症状（振戦、動作緩慢、固縮）の改善傾向を認める｜傾眠、幻覚、口渇などの副作用なく内服継続可能｜便秘傾向の訴えなく経過良好｜規則正しい服薬が継続できている
1169,抗パーキンソン剤,パーキンソン病症状（振戦、動作緩慢、固縮）の改善傾向を認める｜傾眠、幻覚、口渇などの副作用なく内服継続可能｜便秘傾向の訴えなく経過良好｜規則正しい服薬が継続できている
1171,精神神経用剤,不眠・不安感なく過ごされており、日中の眠気やふらつきの訴えもないため、処方意図通りに効果発現している｜意欲低下や倦怠感などの精神症状の悪化なく、日常生活を問題なく送れている｜気分の波がなく安定しており、過度な興奮や抑うつ傾向も見られない｜服薬による口渇や便秘などの自覚症状はなく、継続に問題なし
1172,精神神経用剤,不眠・不安感なく過ごされており、日中の眠気やふらつきの訴えもないため、処方意図通りに効果発現している｜意欲低下や倦怠感などの精神症状の悪化なく、日常生活を問題なく送れている｜気分の波がなく安定しており、過度な興奮や抑うつ傾向も見られない｜服薬による口渇や便秘などの自覚症状はなく、継続に問題なし
1174,精神神経用剤,不眠・不安感なく過ごされており、日中の眠気やふらつきの訴えもないため、処方意図通りに効果発現している｜意欲低下や倦怠感などの精神症状の悪化なく、日常生活を問題なく送れている｜気分の波がなく安定しており、過度な興奮や抑うつ傾向も見られない｜服薬による口渇や便秘などの自覚症状はなく、継続に問題なし
1179,精神神経用剤,不眠・不安感なく過ごされており、日中の眠気やふらつきの訴えもないため、処方意図通りに効果発現している｜意欲低下や倦怠感などの精神症状の悪化なく、日常生活を問題なく送れている｜気分の波がなく安定しており、過度な興奮や抑うつ傾向も見られない｜服薬による口渇や便秘などの自覚症状はなく、継続に問題なし
1180,総合感冒剤,症状の改善傾向が見られ、継続に問題なし｜倦怠感や眠気などの副作用訴えなく経過良好｜指示通りに服用されており、治療効果に期待できる｜脱水症状などの症状出現なく継続に問題なし
1190,その他の中枢神経系用薬,不眠症状の改善傾向が見られ、日中の眠気や倦怠感の訴えなし｜睡眠薬によるふらつき、転倒リスクの増加なく安全に継続可能｜薬物依存、耐性の兆候なく良好に経過｜処方通りに服用できており、睡眠パターン安定化に寄与している
1211,局所麻酔剤,皮膚の掻痒感、発赤、腫脹などの局所的な過敏症状なし｜使用部位に疼痛、しびれ感、灼熱感などの自覚症状なし｜眠気、ふらつき、めまいなどの全身性の副作用訴えなし｜創部の感染徴候（発赤、熱感、腫脹、疼痛の増悪）なく良好に治癒傾向｜局所麻酔薬によるアレルギー歴なく、安全に処方継続可能
1212,局所麻酔剤,皮膚の掻痒感、発赤、腫脹などの局所的な過敏症状なし｜使用部位に疼痛、しびれ感、灼熱感などの自覚症状なし｜眠気、ふらつき、めまいなどの全身性の副作用訴えなし｜創部の感染徴候（発赤、熱感、腫脹、疼痛の増悪）なく良好に治癒傾向｜局所麻酔薬によるアレルギー歴なく、安全に処方継続可能
1213,局所麻酔剤,皮膚の掻痒感、発赤、腫脹などの局所的な過敏症状なし｜使用部位に疼痛、しびれ感、灼熱感などの自覚症状なし｜眠気、ふらつき、めまいなどの全身性の副作用訴えなし｜創部の感染徴候（発赤、熱感、腫脹、疼痛の増悪）なく良好に治癒傾向｜局所麻酔薬によるアレルギー歴なく、安全に処方継続可能
1214,局所麻酔剤,皮膚の掻痒感、発赤、腫脹などの局所的な過敏症状なし｜使用部位に疼痛、しびれ感、灼熱感などの自覚症状なし｜眠気、ふらつき、めまいなどの全身性の副作用訴えなし｜創部の感染徴候（発赤、熱感、腫脹、疼痛の増悪）なく良好に治癒傾向｜局所麻酔薬によるアレルギー歴なく、安全に処方継続可能
1219,局所麻酔剤,皮膚の掻痒感、発赤、腫脹などの局所的な過敏症状なし｜使用部位に疼痛、しびれ感、灼熱感などの自覚症状なし｜眠気、ふらつき、めまいなどの全身性の副作用訴えなし｜創部の感染徴候（発赤、熱感、腫脹、疼痛の増悪）なく良好に治癒傾向｜局所麻酔薬によるアレルギー歴なく、安全に処方継続可能
1224,骨格筋弛緩剤,筋弛緩作用により、肩こり・腰痛の症状緩和が期待できる｜眠気やふらつきが出現しやすいので、車の運転や危険な機械の操作は控えるよう説明済｜倦怠感や吐き気などの副作用訴えなく、指示通り内服できている｜症状の改善状況と副作用の有無を確認し、継続処方｜
1225,骨格筋弛緩剤,筋弛緩作用により、肩こり・腰痛の症状緩和が期待できる｜眠気やふらつきが出現しやすいので、車の運転や危険な機械の操作は控えるよう説明済｜倦怠感や吐き気などの副作用訴えなく、指示通り内服できている｜症状の改善状況と副作用の有無を確認し、継続処方｜
1229,骨格筋弛緩剤,筋弛緩作用により、肩こり・腰痛の症状緩和が期待できる｜眠気やふらつきが出現しやすいので、車の運転や危険な機械の操作は控えるよう説明済｜倦怠感や吐き気などの副作用訴えなく、指示通り内服できている｜症状の改善状況と副作用の有無を確認し、継続処方｜
1231,自律神経剤,動悸・ほてり感などの自律神経症状の訴えなく経過良好｜食欲・体重の変化なく服薬継続に問題なし｜下痢・便秘などの消化器症状の訴えなく経過良好｜睡眠の質に変化なく経過良好｜倦怠感・集中力低下などの訴えなく経過良好
1232,自律神経剤,動悸・ほてり感などの自律神経症状の訴えなく経過良好｜食欲・体重の変化なく服薬継続に問題なし｜下痢・便秘などの消化器症状の訴えなく経過良好｜睡眠の質に変化なく経過良好｜倦怠感・集中力低下などの訴えなく経過良好
1233,自律神経剤,動悸・ほてり感などの自律神経症状の訴えなく経過良好｜食欲・体重の変化なく服薬継続に問題なし｜下痢・便秘などの消化器症状の訴えなく経過良好｜睡眠の質に変化なく経過良好｜倦怠感・集中力低下などの訴えなく経過良好
1239,自律神経剤,動悸・ほてり感などの自律神経症状の訴えなく経過良好｜食欲・体重の変化なく服薬継続に問題なし｜下痢・便秘などの消化器症状の訴えなく経過良好｜睡眠の質に変化なく経過良好｜倦怠感・集中力低下などの訴えなく経過良好
1242,鎮痙剤,腹痛・下痢・嘔吐などの症状なく、鎮痙剤の効果を実感されている｜便通異常や腹部膨満感などの副作用なく、処方通りに内服できている｜鎮痙剤による眠気やふらつきなどの副作用の訴えなく、日常生活に支障なく過ごされている｜腹痛の頻度や程度が軽減しており、鎮痙剤の効果が良好に得られている
1243,鎮痙剤,腹痛・下痢・嘔吐などの症状なく、鎮痙剤の効果を実感されている｜便通異常や腹部膨満感などの副作用なく、処方通りに内服できている｜鎮痙剤による眠気やふらつきなどの副作用の訴えなく、日常生活に支障なく過ごされている｜腹痛の頻度や程度が軽減しており、鎮痙剤の効果が良好に得られている
1244,鎮痙剤,腹痛・下痢・嘔吐などの症状なく、鎮痙剤の効果を実感されている｜便通異常や腹部膨満感などの副作用なく、処方通りに内服できている｜鎮痙剤による眠気やふらつきなどの副作用の訴えなく、日常生活に支障なく過ごされている｜腹痛の頻度や程度が軽減しており、鎮痙剤の効果が良好に得られている
1249,鎮痙剤,腹痛・下痢・嘔吐などの症状なく、鎮痙剤の効果を実感されている｜便通異常や腹部膨満感などの副作用なく、処方通りに内服できている｜鎮痙剤による眠気やふらつきなどの副作用の訴えなく、日常生活に支障なく過ごされている｜腹痛の頻度や程度が軽減しており、鎮痙剤の効果が良好に得られている
1259,発汗剤、止汗剤,発汗異常の訴えなく安定して経過している｜薬剤による体調の変化や不快感の訴えなく継続に問題なし｜服薬による特段の副作用の自覚症状なく順調に経過している｜日常生活において発汗状態の大きな変化は見られず良好である
1290,その他の末梢神経系用薬,末梢神経症状の悪化や新たな痺れ等の訴えなく経過良好｜服用による眠気やふらつきの自覚症状なく継続に問題なし｜治療部位の神経痛症状は安定しており服用を継続｜日中の過度な眠気等の副作用症状を認めず経過良好
1311,眼科用剤,眼圧は安定しており、点眼の継続に問題なし｜充血、痛み、異物感などの副作用訴えなし｜点眼薬の残量確認と適切な使用方法の指導を実施｜点眼忘れなく、順調に経過｜ドライアイ症状の増悪なく、使用継続に問題なし
1312,眼科用剤,眼圧は安定しており、点眼の継続に問題なし｜充血、痛み、異物感などの副作用訴えなし｜点眼薬の残量確認と適切な使用方法の指導を実施｜点眼忘れなく、順調に経過｜ドライアイ症状の増悪なく、使用継続に問題なし
1313,眼科用剤,眼圧は安定しており、点眼の継続に問題なし｜充血、痛み、異物感などの副作用訴えなし｜点眼薬の残量確認と適切な使用方法の指導を実施｜点眼忘れなく、順調に経過｜ドライアイ症状の増悪なく、使用継続に問題なし
1314,眼科用剤,眼圧は安定しており、点眼の継続に問題なし｜充血、痛み、異物感などの副作用訴えなし｜点眼薬の残量確認と適切な使用方法の指導を実施｜点眼忘れなく、順調に経過｜ドライアイ症状の増悪なく、使用継続に問題なし
1315,眼科用剤,眼圧は安定しており、点眼の継続に問題なし｜充血、痛み、異物感などの副作用訴えなし｜点眼薬の残量確認と適切な使用方法の指導を実施｜点眼忘れなく、順調に経過｜ドライアイ症状の増悪なく、使用継続に問題なし
1316,眼科用剤,眼圧は安定しており、点眼の継続に問題なし｜充血、痛み、異物感などの副作用訴えなし｜点眼薬の残量確認と適切な使用方法の指導を実施｜点眼忘れなく、順調に経過｜ドライアイ症状の増悪なく、使用継続に問題なし
1317,眼科用剤,眼圧は安定しており、点眼の継続に問題なし｜充血、痛み、異物感などの副作用訴えなし｜点眼薬の残量確認と適切な使用方法の指導を実施｜点眼忘れなく、順調に経過｜ドライアイ症状の増悪なく、使用継続に問題なし
1319,眼科用剤,眼圧は安定しており、点眼の継続に問題なし｜充血、痛み、異物感などの副作用訴えなし｜点眼薬の残量確認と適切な使用方法の指導を実施｜点眼忘れなく、順調に経過｜ドライアイ症状の増悪なく、使用継続に問題なし
1324,耳鼻科用剤,耳の詰まり感、聞こえにくさの軽減を自覚されており、継続に問題なし｜鼻閉、鼻汁の改善を自覚されており、継続に問題なし｜咽頭痛、嚥下困難の改善を自覚されており、継続に問題なし｜めまい、耳鳴りの軽減を自覚されており、継続に問題なし
1325,耳鼻科用剤,耳の詰まり感、聞こえにくさの軽減を自覚されており、継続に問題なし｜鼻閉、鼻汁の改善を自覚されており、継続に問題なし｜咽頭痛、嚥下困難の改善を自覚されており、継続に問題なし｜めまい、耳鳴りの軽減を自覚されており、継続に問題なし
1329,耳鼻科用剤,耳の詰まり感、聞こえにくさの軽減を自覚されており、継続に問題なし｜鼻閉、鼻汁の改善を自覚されており、継続に問題なし｜咽頭痛、嚥下困難の改善を自覚されており、継続に問題なし｜めまい、耳鳴りの軽減を自覚されており、継続に問題なし
1331,鎮暈剤,めまいやふらつきの再発なく落ち着いて経過している｜立ちくらみ等の症状は改善しており服薬状況も良好である｜眠気や口渇などの副作用の出現はなく安定して継続できている｜症状の安定に伴い医師の指示通り順調に服用できている
1339,鎮暈剤,めまいやふらつきの再発なく落ち着いて経過している｜立ちくらみ等の症状は改善しており服薬状況も良好である｜眠気や口渇などの副作用の出現はなく安定して継続できている｜症状の安定に伴い医師の指示通り順調に服用できている
1390,分類不明,本剤の服用による自覚症状の訴えはなく服用継続に支障なし｜体調の変化や気になる副作用の発現は見られず順調に経過している｜用法用量通り問題なく服用できており特記事項なし｜処方継続にあたり不都合な体調変化はなく安定して継続できている
1900,分類不明,本剤の服用による自覚症状の訴えはなく服用継続に支障なし｜体調の変化や気になる副作用の発現は見られず順調に経過している｜用法用量通り問題なく服用できており特記事項なし｜処方継続にあたり不都合な体調変化はなく安定して継続できている
2113,強心剤,動悸や息切れの増悪なく経過良好｜胸部不快感などの自覚症状なく安定して継続中｜めまいや吐き気などの副作用の訴えなく服用できている｜心不全症状の増悪を認めず現状の用法用量で継続｜食欲不振や脈の乱れなどの自覚症状なく経過良好
2115,強心剤,動悸や息切れの増悪なく経過良好｜胸部不快感などの自覚症状なく安定して継続中｜めまいや吐き気などの副作用の訴えなく服用できている｜心不全症状の増悪を認めず現状の用法用量で継続｜食欲不振や脈の乱れなどの自覚症状なく経過良好
2119,強心剤,動悸や息切れの増悪なく経過良好｜胸部不快感などの自覚症状なく安定して継続中｜めまいや吐き気などの副作用の訴えなく服用できている｜心不全症状の増悪を認めず現状の用法用量で継続｜食欲不振や脈の乱れなどの自覚症状なく経過良好
2121,不整脈用剤,不整脈の症状（動悸、息切れ、めまい等）は出現せず、日常生活に支障なし｜指示通りに服用されており、残薬も特になし｜現時点では副作用（吐き気、下痢、眠気等）の訴えなく、服薬継続に問題なし｜定期的な通院と検査で、心電図の変化や血圧の変動がないか注意していく
2122,不整脈用剤,不整脈の症状（動悸、息切れ、めまい等）は出現せず、日常生活に支障なし｜指示通りに服用されており、残薬も特になし｜現時点では副作用（吐き気、下痢、眠気等）の訴えなく、服薬継続に問題なし｜定期的な通院と検査で、心電図の変化や血圧の変動がないか注意していく
2123,不整脈用剤,不整脈の症状（動悸、息切れ、めまい等）は出現せず、日常生活に支障なし｜指示通りに服用されており、残薬も特になし｜現時点では副作用（吐き気、下痢、眠気等）の訴えなく、服薬継続に問題なし｜定期的な通院と検査で、心電図の変化や血圧の変動がないか注意していく
2129,不整脈用剤,不整脈の症状（動悸、息切れ、めまい等）は出現せず、日常生活に支障なし｜指示通りに服用されており、残薬も特になし｜現時点では副作用（吐き気、下痢、眠気等）の訴えなく、服薬継続に問題なし｜定期的な通院と検査で、心電図の変化や血圧の変動がないか注意していく
2132,利尿剤,浮腫の改善傾向が見られ自覚症状も安定している｜夜間のトイレ回数に大きな変化なく経過良好｜めまいやふらつき等の低血圧症状なく継続に問題なし｜尿量の変動や脱水症状などもなく安定して服用中｜血圧コントロール良好で浮腫の悪化も認められず継続可能
2133,利尿剤,浮腫の改善傾向が見られ自覚症状も安定している｜夜間のトイレ回数に大きな変化なく経過良好｜めまいやふらつき等の低血圧症状なく継続に問題なし｜尿量の変動や脱水症状などもなく安定して服用中｜血圧コントロール良好で浮腫の悪化も認められず継続可能
2134,利尿剤,浮腫の改善傾向が見られ自覚症状も安定している｜夜間のトイレ回数に大きな変化なく経過良好｜めまいやふらつき等の低血圧症状なく継続に問題なし｜尿量の変動や脱水症状などもなく安定して服用中｜血圧コントロール良好で浮腫の悪化も認められず継続可能
2135,利尿剤,浮腫の改善傾向が見られ自覚症状も安定している｜夜間のトイレ回数に大きな変化なく経過良好｜めまいやふらつき等の低血圧症状なく継続に問題なし｜尿量の変動や脱水症状などもなく安定して服用中｜血圧コントロール良好で浮腫の悪化も認められず継続可能
2139,利尿剤,浮腫の改善傾向が見られ自覚症状も安定している｜夜間のトイレ回数に大きな変化なく経過良好｜めまいやふらつき等の低血圧症状なく継続に問題なし｜尿量の変動や脱水症状などもなく安定して服用中｜血圧コントロール良好で浮腫の悪化も認められず継続可能
2142,血圧降下剤,血圧は安定しており自覚症状なく経過良好｜めまいやふらつきなどの副作用徴候を認めず継続に問題なし｜服薬による体調の変化はなく良好な服薬状況が継続されている｜血圧測定を日課とされており数値の大きな変動も確認されず安定している｜頭痛や顔のほてりなどの訴えもなく忍容性に問題なし
2143,血圧降下剤,血圧は安定しており自覚症状なく経過良好｜めまいやふらつきなどの副作用徴候を認めず継続に問題なし｜服薬による体調の変化はなく良好な服薬状況が継続されている｜血圧測定を日課とされており数値の大きな変動も確認されず安定している｜頭痛や顔のほてりなどの訴えもなく忍容性に問題なし
2144,血圧降下剤,血圧は安定しており自覚症状なく経過良好｜めまいやふらつきなどの副作用徴候を認めず継続に問題なし｜服薬による体調の変化はなく良好な服薬状況が継続されている｜血圧測定を日課とされており数値の大きな変動も確認されず安定している｜頭痛や顔のほてりなどの訴えもなく忍容性に問題なし
2145,血圧降下剤,血圧は安定しており自覚症状なく経過良好｜めまいやふらつきなどの副作用徴候を認めず継続に問題なし｜服薬による体調の変化はなく良好な服薬状況が継続されている｜血圧測定を日課とされており数値の大きな変動も確認されず安定している｜頭痛や顔のほてりなどの訴えもなく忍容性に問題なし
2149,血圧降下剤,血圧は安定しており自覚症状なく経過良好｜めまいやふらつきなどの副作用徴候を認めず継続に問題なし｜服薬による体調の変化はなく良好な服薬状況が継続されている｜血圧測定を日課とされており数値の大きな変動も確認されず安定している｜頭痛や顔のほてりなどの訴えもなく忍容性に問題なし
2160,血管収縮剤,鼻閉や鼻汁などの症状は落ち着いており薬剤の効果が発現している｜鼻粘膜の過度な乾燥や刺激感などの副作用症状はなく経過良好｜用法用量を遵守し症状改善に伴い適宜減量しながら使用できている｜動悸や頭痛などの交感神経刺激による副作用症状は認められず継続に問題なし
2171,血管拡張剤,血圧は安定して推移しており服薬継続によるコントロール良好である｜めまいやふらつきなどの自覚症状はなく安定して継続できている｜血管拡張作用に伴う頭痛や顔のほてりなどの訴えなく経過は良好である｜低血圧症状を認めず体調も安定しており継続に問題なし
2172,血管拡張剤,血圧は安定して推移しており服薬継続によるコントロール良好である｜めまいやふらつきなどの自覚症状はなく安定して継続できている｜血管拡張作用に伴う頭痛や顔のほてりなどの訴えなく経過は良好である｜低血圧症状を認めず体調も安定しており継続に問題なし
2179,血管拡張剤,血圧は安定して推移しており服薬継続によるコントロール良好である｜めまいやふらつきなどの自覚症状はなく安定して継続できている｜血管拡張作用に伴う頭痛や顔のほてりなどの訴えなく経過は良好である｜低血圧症状を認めず体調も安定しており継続に問題なし
2183,高脂血症用剤,食事療法や運動療法を継続し、特段の副作用の訴えもなく経過良好｜血液検査の結果を待ちつつ継続服用による脂質管理を継続｜消化器症状や筋肉痛などの自覚症状はなく安定して継続中｜服薬の飲み忘れなく自己管理ができており継続に問題なし｜生活習慣の改善を継続しつつ、引き続き同量にて服用を継続する
2189,高脂血症用剤,食事療法や運動療法を継続し、特段の副作用の訴えもなく経過良好｜血液検査の結果を待ちつつ継続服用による脂質管理を継続｜消化器症状や筋肉痛などの自覚症状はなく安定して継続中｜服薬の飲み忘れなく自己管理ができており継続に問題なし｜生活習慣の改善を継続しつつ、引き続き同量にて服用を継続する
2190,その他の循環器官用薬,動悸や息切れ等の自覚症状はなく安定して経過している｜治療目標値に向けて大きな変動なく推移している｜循環器症状の悪化を認めず服薬継続に問題ない｜日々の体調変化は安定しており良好に維持されている
2213,呼吸促進剤,呼吸状態は安定しており息切れ等の自覚症状なし｜特段の副作用の訴えはなく指示通り服用できている｜咳や呼吸困難などの悪化傾向はなく経過良好｜動悸や手の震え等の副作用症状なく安定して継続中
2219,呼吸促進剤,呼吸状態は安定しており息切れ等の自覚症状なし｜特段の副作用の訴えはなく指示通り服用できている｜咳や呼吸困難などの悪化傾向はなく経過良好｜動悸や手の震え等の副作用症状なく安定して継続中
2221,鎮咳剤,咳の回数は減少傾向にあり服薬継続で経過を観察する｜日中の咳き込みが落ち着いており症状は改善傾向である｜痰の切れは良好で呼吸器症状の悪化は認められない｜夜間の咳込みも緩和されており睡眠は確保できている
2222,鎮咳剤,咳の回数は減少傾向にあり服薬継続で経過を観察する｜日中の咳き込みが落ち着いており症状は改善傾向である｜痰の切れは良好で呼吸器症状の悪化は認められない｜夜間の咳込みも緩和されており睡眠は確保できている
2223,鎮咳剤,咳の回数は減少傾向にあり服薬継続で経過を観察する｜日中の咳き込みが落ち着いており症状は改善傾向である｜痰の切れは良好で呼吸器症状の悪化は認められない｜夜間の咳込みも緩和されており睡眠は確保できている
2224,鎮咳剤,咳の回数は減少傾向にあり服薬継続で経過を観察する｜日中の咳き込みが落ち着いており症状は改善傾向である｜痰の切れは良好で呼吸器症状の悪化は認められない｜夜間の咳込みも緩和されており睡眠は確保できている
2229,鎮咳剤,咳の回数は減少傾向にあり服薬継続で経過を観察する｜日中の咳き込みが落ち着いており症状は改善傾向である｜痰の切れは良好で呼吸器症状の悪化は認められない｜夜間の咳込みも緩和されており睡眠は確保できている
2231,去たん剤,たんの切れが良くなり呼吸が楽になっていることを確認｜痰の色や性状の変化はなく経過良好｜喉の不快感や吐き気などの消化器症状なく服用継続可能｜服薬により気道分泌物が調整され症状が改善傾向にある
2232,去たん剤,たんの切れが良くなり呼吸が楽になっていることを確認｜痰の色や性状の変化はなく経過良好｜喉の不快感や吐き気などの消化器症状なく服用継続可能｜服薬により気道分泌物が調整され症状が改善傾向にある
2233,去たん剤,たんの切れが良くなり呼吸が楽になっていることを確認｜痰の色や性状の変化はなく経過良好｜喉の不快感や吐き気などの消化器症状なく服用継続可能｜服薬により気道分泌物が調整され症状が改善傾向にある
2234,去たん剤,たんの切れが良くなり呼吸が楽になっていることを確認｜痰の色や性状の変化はなく経過良好｜喉の不快感や吐き気などの消化器症状なく服用継続可能｜服薬により気道分泌物が調整され症状が改善傾向にある
2239,去たん剤,たんの切れが良くなり呼吸が楽になっていることを確認｜痰の色や性状の変化はなく経過良好｜喉の不快感や吐き気などの消化器症状なく服用継続可能｜服薬により気道分泌物が調整され症状が改善傾向にある
2241,鎮咳去たん剤,咳の回数は減少し日中の生活に支障なく経過良好｜痰の切れが良くなり呼吸苦等の悪化も認めず継続｜夜間の咳込みによる睡眠障害もなく症状は改善傾向にある｜残薬調整を行い引き続き用法通り服用にて経過を観察する
2242,鎮咳去たん剤,咳の回数は減少し日中の生活に支障なく経過良好｜痰の切れが良くなり呼吸苦等の悪化も認めず継続｜夜間の咳込みによる睡眠障害もなく症状は改善傾向にある｜残薬調整を行い引き続き用法通り服用にて経過を観察する
2249,鎮咳去たん剤,咳の回数は減少し日中の生活に支障なく経過良好｜痰の切れが良くなり呼吸苦等の悪化も認めず継続｜夜間の咳込みによる睡眠障害もなく症状は改善傾向にある｜残薬調整を行い引き続き用法通り服用にて経過を観察する
2251,気管支拡張剤,喘息や息切れの発作症状は出現しておらず安定している｜動悸や手の震えなどの副作用症状は見られず継続に問題なし｜用法通りに使用できており呼吸状態は良好に維持されている｜発作時の頓用回数も増えておらずコントロールは良好である
2252,気管支拡張剤,喘息や息切れの発作症状は出現しておらず安定している｜動悸や手の震えなどの副作用症状は見られず継続に問題なし｜用法通りに使用できており呼吸状態は良好に維持されている｜発作時の頓用回数も増えておらずコントロールは良好である
2254,気管支拡張剤,喘息や息切れの発作症状は出現しておらず安定している｜動悸や手の震えなどの副作用症状は見られず継続に問題なし｜用法通りに使用できており呼吸状態は良好に維持されている｜発作時の頓用回数も増えておらずコントロールは良好である
2259,気管支拡張剤,喘息や息切れの発作症状は出現しておらず安定している｜動悸や手の震えなどの副作用症状は見られず継続に問題なし｜用法通りに使用できており呼吸状態は良好に維持されている｜発作時の頓用回数も増えておらずコントロールは良好である
2260,含嗽剤,うがいの回数やタイミングを守り、刺激感等の異常なく継続できている｜口腔内の不快感や粘膜の荒れなどは見られず使用状況は良好｜決められた希釈濃度を守り問題なく使用できている｜咽頭部の違和感や乾燥感が軽減し症状は安定している
2290,その他の呼吸器官用薬,呼吸状態に大きな変化なく経過良好｜息切れや咳き込みの悪化なく安定している｜特有の副作用症状の訴えなく継続に問題なし｜服薬による体調不良等の申し出はなく継続可能と判断｜自覚症状に変わりなく順調に服用できている
2312,止しゃ剤、整腸剤,下痢や便通異常の改善が見られ順調に経過している｜排便状況は安定しており整腸作用が十分に発揮されている｜腹痛や膨満感などの消化器症状の悪化はなく良好である｜便の状態も正常化しており処方の継続に問題はない
2314,止しゃ剤、整腸剤,下痢や便通異常の改善が見られ順調に経過している｜排便状況は安定しており整腸作用が十分に発揮されている｜腹痛や膨満感などの消化器症状の悪化はなく良好である｜便の状態も正常化しており処方の継続に問題はない
2315,止しゃ剤、整腸剤,下痢や便通異常の改善が見られ順調に経過している｜排便状況は安定しており整腸作用が十分に発揮されている｜腹痛や膨満感などの消化器症状の悪化はなく良好である｜便の状態も正常化しており処方の継続に問題はない
2316,止しゃ剤、整腸剤,下痢や便通異常の改善が見られ順調に経過している｜排便状況は安定しており整腸作用が十分に発揮されている｜腹痛や膨満感などの消化器症状の悪化はなく良好である｜便の状態も正常化しており処方の継続に問題はない
2318,止しゃ剤、整腸剤,下痢や便通異常の改善が見られ順調に経過している｜排便状況は安定しており整腸作用が十分に発揮されている｜腹痛や膨満感などの消化器症状の悪化はなく良好である｜便の状態も正常化しており処方の継続に問題はない
2319,止しゃ剤、整腸剤,下痢や便通異常の改善が見られ順調に経過している｜排便状況は安定しており整腸作用が十分に発揮されている｜腹痛や膨満感などの消化器症状の悪化はなく良好である｜便の状態も正常化しており処方の継続に問題はない
2321,消化性潰瘍用剤,胃痛や胸やけ等の自覚症状はなく経過良好｜規則的な服薬で症状の安定を確認｜消化器症状の改善が見られ継続して服薬できている｜定期的な服用により症状再発なく安定している
2323,消化性潰瘍用剤,胃痛や胸やけ等の自覚症状はなく経過良好｜規則的な服薬で症状の安定を確認｜消化器症状の改善が見られ継続して服薬できている｜定期的な服用により症状再発なく安定している
2325,消化性潰瘍用剤,胃痛や胸やけ等の自覚症状はなく経過良好｜規則的な服薬で症状の安定を確認｜消化器症状の改善が見られ継続して服薬できている｜定期的な服用により症状再発なく安定している
2329,消化性潰瘍用剤,胃痛や胸やけ等の自覚症状はなく経過良好｜規則的な服薬で症状の安定を確認｜消化器症状の改善が見られ継続して服薬できている｜定期的な服用により症状再発なく安定している
2331,健胃消化剤,胃部不快感や膨満感などの症状は改善傾向にあり継続の方針とする｜消化器症状の悪化や新たな腹部症状の出現はなく経過は良好である｜食欲不振や胃もたれなど服用による体調変化の訴えなく服用継続に問題ない｜胃腸の調子は安定しており飲み忘れなく継続できている様子である
2332,健胃消化剤,胃部不快感や膨満感などの症状は改善傾向にあり継続の方針とする｜消化器症状の悪化や新たな腹部症状の出現はなく経過は良好である｜食欲不振や胃もたれなど服用による体調変化の訴えなく服用継続に問題ない｜胃腸の調子は安定しており飲み忘れなく継続できている様子である
2333,健胃消化剤,胃部不快感や膨満感などの症状は改善傾向にあり継続の方針とする｜消化器症状の悪化や新たな腹部症状の出現はなく経過は良好である｜食欲不振や胃もたれなど服用による体調変化の訴えなく服用継続に問題ない｜胃腸の調子は安定しており飲み忘れなく継続できている様子である
2334,健胃消化剤,胃部不快感や膨満感などの症状は改善傾向にあり継続の方針とする｜消化器症状の悪化や新たな腹部症状の出現はなく経過は良好である｜食欲不振や胃もたれなど服用による体調変化の訴えなく服用継続に問題ない｜胃腸の調子は安定しており飲み忘れなく継続できている様子である
2335,健胃消化剤,胃部不快感や膨満感などの症状は改善傾向にあり継続の方針とする｜消化器症状の悪化や新たな腹部症状の出現はなく経過は良好である｜食欲不振や胃もたれなど服用による体調変化の訴えなく服用継続に問題ない｜胃腸の調子は安定しており飲み忘れなく継続できている様子である
2339,健胃消化剤,胃部不快感や膨満感などの症状は改善傾向にあり継続の方針とする｜消化器症状の悪化や新たな腹部症状の出現はなく経過は良好である｜食欲不振や胃もたれなど服用による体調変化の訴えなく服用継続に問題ない｜胃腸の調子は安定しており飲み忘れなく継続できている様子である
2343,制酸剤,胃痛や胸やけの症状は改善傾向にあり問題なく服用継続中｜服用後の不快感や胃部不快感などの副作用訴えなく経過良好｜症状消失のため指示通り服用継続し様子観察とする｜飲み忘れなく規則正しく服用できており症状は安定している
2344,制酸剤,胃痛や胸やけの症状は改善傾向にあり問題なく服用継続中｜服用後の不快感や胃部不快感などの副作用訴えなく経過良好｜症状消失のため指示通り服用継続し様子観察とする｜飲み忘れなく規則正しく服用できており症状は安定している
2349,制酸剤,胃痛や胸やけの症状は改善傾向にあり問題なく服用継続中｜服用後の不快感や胃部不快感などの副作用訴えなく経過良好｜症状消失のため指示通り服用継続し様子観察とする｜飲み忘れなく規則正しく服用できており症状は安定している
2354,催吐剤、鎮吐剤,吐き気や嘔吐の症状なく経過良好｜制吐剤の服用により食事が摂れており状態安定｜現在まで副作用の訴えなく服用継続に問題なし｜制吐効果により体調は落ち着いており服薬継続の必要性を確認済み
2355,催吐剤、鎮吐剤,吐き気や嘔吐の症状なく経過良好｜制吐剤の服用により食事が摂れており状態安定｜現在まで副作用の訴えなく服用継続に問題なし｜制吐効果により体調は落ち着いており服薬継続の必要性を確認済み
2356,催吐剤、鎮吐剤,吐き気や嘔吐の症状なく経過良好｜制吐剤の服用により食事が摂れており状態安定｜現在まで副作用の訴えなく服用継続に問題なし｜制吐効果により体調は落ち着いており服薬継続の必要性を確認済み
2357,催吐剤、鎮吐剤,吐き気や嘔吐の症状なく経過良好｜制吐剤の服用により食事が摂れており状態安定｜現在まで副作用の訴えなく服用継続に問題なし｜制吐効果により体調は落ち着いており服薬継続の必要性を確認済み
2359,催吐剤、鎮吐剤,吐き気や嘔吐の症状なく経過良好｜制吐剤の服用により食事が摂れており状態安定｜現在まで副作用の訴えなく服用継続に問題なし｜制吐効果により体調は落ち着いており服薬継続の必要性を確認済み
2362,利胆剤,胆石や胆道疾患等の症状悪化なく経過良好｜腹部膨満感や下痢等の消化器症状の発現なく服用継続できている｜胆道系疾患の随伴症状もなく安定した状態で経過している｜服用による特段の不調の訴えなく継続に問題なし
2369,利胆剤,胆石や胆道疾患等の症状悪化なく経過良好｜腹部膨満感や下痢等の消化器症状の発現なく服用継続できている｜胆道系疾患の随伴症状もなく安定した状態で経過している｜服用による特段の不調の訴えなく継続に問題なし
2391,その他の消化器官用薬,胃部不快感や腹部膨満感などの症状に大きな変化なく経過良好｜便通状態は安定しており薬剤の継続使用に問題なし｜消化器症状の悪化を認めず処方通り継続されている｜腹部症状の改善傾向を認め継続使用により経過を観察する
2399,その他の消化器官用薬,胃部不快感や腹部膨満感などの症状に大きな変化なく経過良好｜便通状態は安定しており薬剤の継続使用に問題なし｜消化器症状の悪化を認めず処方通り継続されている｜腹部症状の改善傾向を認め継続使用により経過を観察する
2411,脳下垂体ホルモン剤,ホルモン補充による体調の大きな変化はなく継続できている｜内服による副作用症状の訴えなく経過良好｜ホルモンバランスの安定を確認し処方通り継続する｜検査値に大きな変動なく服薬アドヒアランスも良好である
2412,脳下垂体ホルモン剤,ホルモン補充による体調の大きな変化はなく継続できている｜内服による副作用症状の訴えなく経過良好｜ホルモンバランスの安定を確認し処方通り継続する｜検査値に大きな変動なく服薬アドヒアランスも良好である
2413,脳下垂体ホルモン剤,ホルモン補充による体調の大きな変化はなく継続できている｜内服による副作用症状の訴えなく経過良好｜ホルモンバランスの安定を確認し処方通り継続する｜検査値に大きな変動なく服薬アドヒアランスも良好である
2414,脳下垂体ホルモン剤,ホルモン補充による体調の大きな変化はなく継続できている｜内服による副作用症状の訴えなく経過良好｜ホルモンバランスの安定を確認し処方通り継続する｜検査値に大きな変動なく服薬アドヒアランスも良好である
2419,脳下垂体ホルモン剤,ホルモン補充による体調の大きな変化はなく継続できている｜内服による副作用症状の訴えなく経過良好｜ホルモンバランスの安定を確認し処方通り継続する｜検査値に大きな変動なく服薬アドヒアランスも良好である
2431,甲状腺、副甲状腺ホルモン剤,動悸や震えなどの自覚症状なく安定して継続中｜甲状腺ホルモン値の安定を確認し継続服用を指導｜むくみや体重変化などの不調はなく経過良好｜飲み忘れなく規則的に服用できており安定している
2432,甲状腺、副甲状腺ホルモン剤,動悸や震えなどの自覚症状なく安定して継続中｜甲状腺ホルモン値の安定を確認し継続服用を指導｜むくみや体重変化などの不調はなく経過良好｜飲み忘れなく規則的に服用できており安定している
2439,甲状腺、副甲状腺ホルモン剤,動悸や震えなどの自覚症状なく安定して継続中｜甲状腺ホルモン値の安定を確認し継続服用を指導｜むくみや体重変化などの不調はなく経過良好｜飲み忘れなく規則的に服用できており安定している
2449,蛋白同化ステロイド剤,食欲増進や体重増加の異常は見られず経過良好｜肝機能検査値の異常や黄疸などの徴候なく継続に問題なし｜浮腫や体重増加などの副作用症状は認められず安定して服用中｜性機能の変化や体調不良の訴えなく継続に問題なし
2451,副腎ホルモン剤,症状の悪化や副作用の発現なく安定して経過している｜感染症の兆候や皮膚の異常などの副作用徴候は認められない｜症状が改善傾向にあり計画的な減量または継続を確認した｜感染予防の重要性について再確認し指示通り服用が継続されている
2452,副腎ホルモン剤,症状の悪化や副作用の発現なく安定して経過している｜感染症の兆候や皮膚の異常などの副作用徴候は認められない｜症状が改善傾向にあり計画的な減量または継続を確認した｜感染予防の重要性について再確認し指示通り服用が継続されている
2454,副腎ホルモン剤,症状の悪化や副作用の発現なく安定して経過している｜感染症の兆候や皮膚の異常などの副作用徴候は認められない｜症状が改善傾向にあり計画的な減量または継続を確認した｜感染予防の重要性について再確認し指示通り服用が継続されている
2456,副腎ホルモン剤,症状の悪化や副作用の発現なく安定して経過している｜感染症の兆候や皮膚の異常などの副作用徴候は認められない｜症状が改善傾向にあり計画的な減量または継続を確認した｜感染予防の重要性について再確認し指示通り服用が継続されている
2459,副腎ホルモン剤,症状の悪化や副作用の発現なく安定して経過している｜感染症の兆候や皮膚の異常などの副作用徴候は認められない｜症状が改善傾向にあり計画的な減量または継続を確認した｜感染予防の重要性について再確認し指示通り服用が継続されている
2461,男性ホルモン剤,体調や気分の変化なく使用継続できている｜皮膚の赤みや痒みなどの局所症状なく経過良好｜不眠やイライラなどの精神症状の出現なく安定している｜用法用量を遵守し問題なく継続できている｜前立腺疾患等の徴候や異常な自覚症状の訴えなし
2462,男性ホルモン剤,体調や気分の変化なく使用継続できている｜皮膚の赤みや痒みなどの局所症状なく経過良好｜不眠やイライラなどの精神症状の出現なく安定している｜用法用量を遵守し問題なく継続できている｜前立腺疾患等の徴候や異常な自覚症状の訴えなし
2473,卵胞ホルモン及び黄体ホルモン剤,不正出血や腹痛などの自覚症状なく安定して継続中｜血栓症を示唆するような下肢の痛みや腫れ、胸痛の訴えなく良好に経過｜エストロゲン・プロゲステロン併用による副作用症状の出現なく服薬継続｜定期的な休薬期間の遵守を確認し飲み忘れ等なく順調に継続中
2474,卵胞ホルモン及び黄体ホルモン剤,不正出血や腹痛などの自覚症状なく安定して継続中｜血栓症を示唆するような下肢の痛みや腫れ、胸痛の訴えなく良好に経過｜エストロゲン・プロゲステロン併用による副作用症状の出現なく服薬継続｜定期的な休薬期間の遵守を確認し飲み忘れ等なく順調に継続中
2475,卵胞ホルモン及び黄体ホルモン剤,不正出血や腹痛などの自覚症状なく安定して継続中｜血栓症を示唆するような下肢の痛みや腫れ、胸痛の訴えなく良好に経過｜エストロゲン・プロゲステロン併用による副作用症状の出現なく服薬継続｜定期的な休薬期間の遵守を確認し飲み忘れ等なく順調に継続中
2477,卵胞ホルモン及び黄体ホルモン剤,不正出血や腹痛などの自覚症状なく安定して継続中｜血栓症を示唆するような下肢の痛みや腫れ、胸痛の訴えなく良好に経過｜エストロゲン・プロゲステロン併用による副作用症状の出現なく服薬継続｜定期的な休薬期間の遵守を確認し飲み忘れ等なく順調に継続中
2478,卵胞ホルモン及び黄体ホルモン剤,不正出血や腹痛などの自覚症状なく安定して継続中｜血栓症を示唆するような下肢の痛みや腫れ、胸痛の訴えなく良好に経過｜エストロゲン・プロゲステロン併用による副作用症状の出現なく服薬継続｜定期的な休薬期間の遵守を確認し飲み忘れ等なく順調に継続中
2479,卵胞ホルモン及び黄体ホルモン剤,不正出血や腹痛などの自覚症状なく安定して継続中｜血栓症を示唆するような下肢の痛みや腫れ、胸痛の訴えなく良好に経過｜エストロゲン・プロゲステロン併用による副作用症状の出現なく服薬継続｜定期的な休薬期間の遵守を確認し飲み忘れ等なく順調に継続中
2481,混合ホルモン剤,ホルモンバランスの調整が順調であり体調の変化なく経過している｜ほてりや頭痛などの副作用症状の訴えなく継続に問題なし｜服薬による特段の体調不良なく安定して使用されている｜定期的な服用により症状の安定が維持されており継続に支障なし
2482,混合ホルモン剤,ホルモンバランスの調整が順調であり体調の変化なく経過している｜ほてりや頭痛などの副作用症状の訴えなく継続に問題なし｜服薬による特段の体調不良なく安定して使用されている｜定期的な服用により症状の安定が維持されており継続に支障なし
2491,その他のホルモン剤,ホルモン補充に伴う体調の変化は見られず安定して経過されている｜浮腫や体重増加などの副作用症状はなく継続使用に問題なし｜治療の目的を再確認し自己判断での中断がないよう服薬継続の重要性を指導済み｜ホルモン値の安定に向けた用法用量の遵守を再確認し特段の訴えなし
2492,その他のホルモン剤,ホルモン補充に伴う体調の変化は見られず安定して経過されている｜浮腫や体重増加などの副作用症状はなく継続使用に問題なし｜治療の目的を再確認し自己判断での中断がないよう服薬継続の重要性を指導済み｜ホルモン値の安定に向けた用法用量の遵守を再確認し特段の訴えなし
2499,その他のホルモン剤,ホルモン補充に伴う体調の変化は見られず安定して経過されている｜浮腫や体重増加などの副作用症状はなく継続使用に問題なし｜治療の目的を再確認し自己判断での中断がないよう服薬継続の重要性を指導済み｜ホルモン値の安定に向けた用法用量の遵守を再確認し特段の訴えなし
2511,泌尿器官用剤,頻尿や残尿感の改善傾向を確認し継続服用に問題なし｜服薬による口渇や便秘などの副作用症状なく安定して継続中｜排尿時の不快感は軽減しており体調良好にて継続する｜副作用による眠気やふらつきの訴えなく日常生活に支障なし
2519,泌尿器官用剤,頻尿や残尿感の改善傾向を確認し継続服用に問題なし｜服薬による口渇や便秘などの副作用症状なく安定して継続中｜排尿時の不快感は軽減しており体調良好にて継続する｜副作用による眠気やふらつきの訴えなく日常生活に支障なし
2521,生殖器官用剤,月経困難症や子宮内膜症に伴う痛みの改善傾向を確認し継続使用の意義を共有した｜服用開始後の不正出血の有無を確認し経過良好であることを把握した｜ホルモンバランスの変化に伴う情緒不安や頭痛などの自覚症状なく安定して経過している｜次回の受診時までの休薬期間や服用継続のスケジュールについて再確認を実施した
2529,生殖器官用剤,月経困難症や子宮内膜症に伴う痛みの改善傾向を確認し継続使用の意義を共有した｜服用開始後の不正出血の有無を確認し経過良好であることを把握した｜ホルモンバランスの変化に伴う情緒不安や頭痛などの自覚症状なく安定して経過している｜次回の受診時までの休薬期間や服用継続のスケジュールについて再確認を実施した
2531,子宮収縮剤,下腹部痛や出血などの異常なく経過は良好である｜腹痛や吐き気などの消化器症状の訴えなく服用継続に問題なし｜子宮収縮に伴う痛みなどの違和感なく経過良好｜服用による不快な症状の訴えなく継続して服用できている
2559,痔疾用剤,排便時の痛みや出血などの症状は落ち着いており経過良好｜患部の腫れや違和感はなく外用薬の使用で症状は安定している｜便秘や下痢などの排便状況に乱れはなく患部への刺激も最小限に抑えられている｜定期的な使用で炎症や症状の再発はなく良好な状態を維持している
2590,その他の泌尿生殖器官及び肛門用薬,頻尿や残尿感の症状に大きな変化なく経過している｜排尿困難感や不快感などの自覚症状なく継続使用できている｜治療による症状改善の実感があり予定通り使用を継続している｜排尿状態は安定しており特段の副作用の訴えも見られない
2611,外皮用殺菌消毒剤,患部への塗布状況に問題なく赤みや刺激感などの異常も認められない｜外用による皮膚のトラブルや不快感はなく継続して使用できている｜傷口や患部の状態に悪化は見られず順調に経過している｜用法用量を守り適切に使用できており副作用や違和感の訴えもない
2612,外皮用殺菌消毒剤,患部への塗布状況に問題なく赤みや刺激感などの異常も認められない｜外用による皮膚のトラブルや不快感はなく継続して使用できている｜傷口や患部の状態に悪化は見られず順調に経過している｜用法用量を守り適切に使用できており副作用や違和感の訴えもない
2614,外皮用殺菌消毒剤,患部への塗布状況に問題なく赤みや刺激感などの異常も認められない｜外用による皮膚のトラブルや不快感はなく継続して使用できている｜傷口や患部の状態に悪化は見られず順調に経過している｜用法用量を守り適切に使用できており副作用や違和感の訴えもない
2615,外皮用殺菌消毒剤,患部への塗布状況に問題なく赤みや刺激感などの異常も認められない｜外用による皮膚のトラブルや不快感はなく継続して使用できている｜傷口や患部の状態に悪化は見られず順調に経過している｜用法用量を守り適切に使用できており副作用や違和感の訴えもない
2616,外皮用殺菌消毒剤,患部への塗布状況に問題なく赤みや刺激感などの異常も認められない｜外用による皮膚のトラブルや不快感はなく継続して使用できている｜傷口や患部の状態に悪化は見られず順調に経過している｜用法用量を守り適切に使用できており副作用や違和感の訴えもない
2619,外皮用殺菌消毒剤,患部への塗布状況に問題なく赤みや刺激感などの異常も認められない｜外用による皮膚のトラブルや不快感はなく継続して使用できている｜傷口や患部の状態に悪化は見られず順調に経過している｜用法用量を守り適切に使用できており副作用や違和感の訴えもない
2633,化膿性疾患用剤,患部の赤みや腫れなどの炎症症状は改善傾向にあり治療計画通り経過している｜患部に新たな痛みや膿の排出などの症状なく順調に推移している｜皮膚のかゆみや発疹などの過敏症状なく服用を継続できている｜患部の状態は安定しており薬剤の継続使用にて改善が期待できる
2634,化膿性疾患用剤,患部の赤みや腫れなどの炎症症状は改善傾向にあり治療計画通り経過している｜患部に新たな痛みや膿の排出などの症状なく順調に推移している｜皮膚のかゆみや発疹などの過敏症状なく服用を継続できている｜患部の状態は安定しており薬剤の継続使用にて改善が期待できる
2639,化膿性疾患用剤,患部の赤みや腫れなどの炎症症状は改善傾向にあり治療計画通り経過している｜患部に新たな痛みや膿の排出などの症状なく順調に推移している｜皮膚のかゆみや発疹などの過敏症状なく服用を継続できている｜患部の状態は安定しており薬剤の継続使用にて改善が期待できる
2641,鎮痛、鎮痒、収斂、消炎剤,患部への塗布にて炎症や腫れの改善傾向を確認｜皮膚トラブルや赤み等の副作用出現なく経過良好｜使用部位に異常なく指示通り継続中｜かぶれや刺激感などの違和感なく使用できている
2642,鎮痛、鎮痒、収斂、消炎剤,患部への塗布にて炎症や腫れの改善傾向を確認｜皮膚トラブルや赤み等の副作用出現なく経過良好｜使用部位に異常なく指示通り継続中｜かぶれや刺激感などの違和感なく使用できている
2643,鎮痛、鎮痒、収斂、消炎剤,患部への塗布にて炎症や腫れの改善傾向を確認｜皮膚トラブルや赤み等の副作用出現なく経過良好｜使用部位に異常なく指示通り継続中｜かぶれや刺激感などの違和感なく使用できている
2644,鎮痛、鎮痒、収斂、消炎剤,患部への塗布にて炎症や腫れの改善傾向を確認｜皮膚トラブルや赤み等の副作用出現なく経過良好｜使用部位に異常なく指示通り継続中｜かぶれや刺激感などの違和感なく使用できている
2645,鎮痛、鎮痒、収斂、消炎剤,患部への塗布にて炎症や腫れの改善傾向を確認｜皮膚トラブルや赤み等の副作用出現なく経過良好｜使用部位に異常なく指示通り継続中｜かぶれや刺激感などの違和感なく使用できている
2646,鎮痛、鎮痒、収斂、消炎剤,患部への塗布にて炎症や腫れの改善傾向を確認｜皮膚トラブルや赤み等の副作用出現なく経過良好｜使用部位に異常なく指示通り継続中｜かぶれや刺激感などの違和感なく使用できている
2647,鎮痛、鎮痒、収斂、消炎剤,患部への塗布にて炎症や腫れの改善傾向を確認｜皮膚トラブルや赤み等の副作用出現なく経過良好｜使用部位に異常なく指示通り継続中｜かぶれや刺激感などの違和感なく使用できている
2649,鎮痛、鎮痒、収斂、消炎剤,患部への塗布にて炎症や腫れの改善傾向を確認｜皮膚トラブルや赤み等の副作用出現なく経過良好｜使用部位に異常なく指示通り継続中｜かぶれや刺激感などの違和感なく使用できている
2652,寄生性皮膚疾患用剤,患部への塗布状況は良好で症状の改善がみられる｜かぶれや刺激感などの副作用症状はなく使用継続に問題なし｜用法用量を守り正しく塗布できていることを確認した｜使用部位の皮膚状態に異常はなく経過は良好である
2653,寄生性皮膚疾患用剤,患部への塗布状況は良好で症状の改善がみられる｜かぶれや刺激感などの副作用症状はなく使用継続に問題なし｜用法用量を守り正しく塗布できていることを確認した｜使用部位の皮膚状態に異常はなく経過は良好である
2654,寄生性皮膚疾患用剤,患部への塗布状況は良好で症状の改善がみられる｜かぶれや刺激感などの副作用症状はなく使用継続に問題なし｜用法用量を守り正しく塗布できていることを確認した｜使用部位の皮膚状態に異常はなく経過は良好である
2655,寄生性皮膚疾患用剤,患部への塗布状況は良好で症状の改善がみられる｜かぶれや刺激感などの副作用症状はなく使用継続に問題なし｜用法用量を守り正しく塗布できていることを確認した｜使用部位の皮膚状態に異常はなく経過は良好である
2659,寄生性皮膚疾患用剤,患部への塗布状況は良好で症状の改善がみられる｜かぶれや刺激感などの副作用症状はなく使用継続に問題なし｜用法用量を守り正しく塗布できていることを確認した｜使用部位の皮膚状態に異常はなく経過は良好である
2661,皮膚軟化剤,塗布部位の角化や乾燥状態に改善傾向が見られ、継続使用で経過良好である｜患部の皮膚状態は安定しており、副作用等の異常なく使用できている｜保湿による皮膚のバリア機能維持が図られており、適切に使用されている｜皮膚の突っ張り感などの訴えはなく、処方通り順調に使用を継続されている
2662,皮膚軟化剤,塗布部位の角化や乾燥状態に改善傾向が見られ、継続使用で経過良好である｜患部の皮膚状態は安定しており、副作用等の異常なく使用できている｜保湿による皮膚のバリア機能維持が図られており、適切に使用されている｜皮膚の突っ張り感などの訴えはなく、処方通り順調に使用を継続されている
2663,皮膚軟化剤,塗布部位の角化や乾燥状態に改善傾向が見られ、継続使用で経過良好である｜患部の皮膚状態は安定しており、副作用等の異常なく使用できている｜保湿による皮膚のバリア機能維持が図られており、適切に使用されている｜皮膚の突っ張り感などの訴えはなく、処方通り順調に使用を継続されている
2669,皮膚軟化剤,塗布部位の角化や乾燥状態に改善傾向が見られ、継続使用で経過良好である｜患部の皮膚状態は安定しており、副作用等の異常なく使用できている｜保湿による皮膚のバリア機能維持が図られており、適切に使用されている｜皮膚の突っ張り感などの訴えはなく、処方通り順調に使用を継続されている
2679,毛髪用剤,頭皮の痒みや赤み等の皮膚トラブルなく継続使用できている｜ベタつきや刺激感等の不快感の訴えなく順調に使用できている｜塗布部位の皮膚状態に異常なく継続に問題なし｜液だれや不快な臭い等の使用感に関する相談はなく経過良好
2691,その他の外皮用薬,患部への塗布状況は良好で皮膚トラブルの発生なし｜塗布部位の発赤や痒みなどの副作用症状は認められない｜用法用量通り継続できており患部の状態も安定している｜かぶれや刺激感などの不快症状はなく継続使用に問題なし
2699,その他の外皮用薬,患部への塗布状況は良好で皮膚トラブルの発生なし｜塗布部位の発赤や痒みなどの副作用症状は認められない｜用法用量通り継続できており患部の状態も安定している｜かぶれや刺激感などの不快症状はなく継続使用に問題なし
2710,歯科用局所麻酔剤,歯科治療後の麻酔によるしびれや違和感の消失を確認済み｜麻酔投与部位の腫れや痛みなど局所の異常がないことを確認｜過敏症等の特異的な副作用症状の出現なく経過良好｜麻酔使用に伴うアレルギー症状や気分不快などの訴えなし
2760,歯科用表面・浸透用剤,患部の痛みや腫れなど著変なく順調に経過している｜塗布後の刺激感や粘膜の違和感などなく使用できている｜用法通りに塗布できており患部の状態も安定している｜口内環境に変化はなく適切に使用されている
2790,その他の歯科口腔用薬,口内炎や歯肉の炎症症状は軽減しており順調に経過している｜患部の痛みや腫れなどの症状は落ち着いており問題なく使用できている｜口腔内の不快感や異常感覚などの訴えなく継続に問題なし｜用法通り使用し患部の状態は改善傾向にあるため継続とする
2900,分類不明,本剤の服用による自覚症状の訴えはなく服用継続に支障なし｜体調の変化や気になる副作用の発現は見られず順調に経過している｜用法用量通り問題なく服用できており特記事項なし｜処方継続にあたり不都合な体調変化はなく安定して継続できている
3111,ビタミンA及びD剤,用法用量を守り継続服用できている｜自覚症状や副作用の訴えはなく順調に経過している｜服用による体調変化はなく問題なく継続できている｜継続的な服用により状態は安定している
3112,ビタミンA及びD剤,用法用量を守り継続服用できている｜自覚症状や副作用の訴えはなく順調に経過している｜服用による体調変化はなく問題なく継続できている｜継続的な服用により状態は安定している
3113,ビタミンA及びD剤,用法用量を守り継続服用できている｜自覚症状や副作用の訴えはなく順調に経過している｜服用による体調変化はなく問題なく継続できている｜継続的な服用により状態は安定している
3119,ビタミンA及びD剤,用法用量を守り継続服用できている｜自覚症状や副作用の訴えはなく順調に経過している｜服用による体調変化はなく問題なく継続できている｜継続的な服用により状態は安定している
3121,ビタミンB1剤,手足のしびれや神経痛の症状に変化なく経過良好です｜用法通り服用し自覚症状の大きな変化も見られません｜神経障害性の症状について悪化の訴えなく継続服用できています｜倦怠感やふらつきなどの副作用症状の訴えなく順調に継続できています
3122,ビタミンB1剤,手足のしびれや神経痛の症状に変化なく経過良好です｜用法通り服用し自覚症状の大きな変化も見られません｜神経障害性の症状について悪化の訴えなく継続服用できています｜倦怠感やふらつきなどの副作用症状の訴えなく順調に継続できています
3131,ビタミンB剤,口内炎や口角炎の症状なく経過良好｜手足のしびれなどの自覚症状に変化なく継続中｜疲労感の蓄積もなく良好に経過している｜諸症状の改善が見られ体調は安定している
3132,ビタミンB剤,口内炎や口角炎の症状なく経過良好｜手足のしびれなどの自覚症状に変化なく継続中｜疲労感の蓄積もなく良好に経過している｜諸症状の改善が見られ体調は安定している
3133,ビタミンB剤,口内炎や口角炎の症状なく経過良好｜手足のしびれなどの自覚症状に変化なく継続中｜疲労感の蓄積もなく良好に経過している｜諸症状の改善が見られ体調は安定している
3134,ビタミンB剤,口内炎や口角炎の症状なく経過良好｜手足のしびれなどの自覚症状に変化なく継続中｜疲労感の蓄積もなく良好に経過している｜諸症状の改善が見られ体調は安定している
3135,ビタミンB剤,口内炎や口角炎の症状なく経過良好｜手足のしびれなどの自覚症状に変化なく継続中｜疲労感の蓄積もなく良好に経過している｜諸症状の改善が見られ体調は安定している
3136,ビタミンB剤,口内炎や口角炎の症状なく経過良好｜手足のしびれなどの自覚症状に変化なく継続中｜疲労感の蓄積もなく良好に経過している｜諸症状の改善が見られ体調は安定している
3140,ビタミンC剤,日焼けや色素沈着の予防目的として服用を継続できている｜日々の体調の変化はなく副作用等の訴えも認められない｜肌の調子は安定しており継続して服用を希望されている｜皮膚トラブルなどの自覚症状なく経過良好である
3150,ビタミンE剤,手足の冷えやしびれなどの末梢循環障害の自覚症状に大きな変化なく経過良好｜服用による消化器症状等の副作用発現なく継続に問題なし｜用法用量を守り規則正しく服用されており自己管理良好｜血液循環改善の目的で服用を継続し体調に大きな変化なし
3160,ビタミンK剤,出血傾向や内出血などの異常は認められず安定して服用継続中｜定期的な血液凝固能検査の結果を含め特に問題なく経過良好｜他剤との飲み合わせに注意しつつ指示通り服用継続中｜自覚症状なく副作用の発現も認められないため継続の方針
3172,混合ビタミン剤,疲労感や倦怠感などの自覚症状なく体調は安定している｜現在の服用量にて継続し体調維持できている｜食事内容の偏りを補う目的として服用継続に問題なし｜特段の体調変化なく経過しており服用を継続する
3179,混合ビタミン剤,疲労感や倦怠感などの自覚症状なく体調は安定している｜現在の服用量にて継続し体調維持できている｜食事内容の偏りを補う目的として服用継続に問題なし｜特段の体調変化なく経過しており服用を継続する
3190,その他のビタミン剤,ビタミン剤の継続服用により体調は安定している｜自覚症状に大きな変化なく継続服用に問題なし｜服薬により体調良好であり現在も継続中｜特に体調不良の訴えなく服用は問題なく行われている
3211,カルシウム剤,便秘や胃部不快感などの消化器症状の訴えなく継続に問題なし｜服薬による特段の体調変化はなく継続して服用中｜現在までのところ自覚症状の変化はなく良好に経過している｜飲み忘れなく継続できており検査値を含めて経過を観察する
3213,カルシウム剤,便秘や胃部不快感などの消化器症状の訴えなく継続に問題なし｜服薬による特段の体調変化はなく継続して服用中｜現在までのところ自覚症状の変化はなく良好に経過している｜飲み忘れなく継続できており検査値を含めて経過を観察する
3214,カルシウム剤,便秘や胃部不快感などの消化器症状の訴えなく継続に問題なし｜服薬による特段の体調変化はなく継続して服用中｜現在までのところ自覚症状の変化はなく良好に経過している｜飲み忘れなく継続できており検査値を含めて経過を観察する
3215,カルシウム剤,便秘や胃部不快感などの消化器症状の訴えなく継続に問題なし｜服薬による特段の体調変化はなく継続して服用中｜現在までのところ自覚症状の変化はなく良好に経過している｜飲み忘れなく継続できており検査値を含めて経過を観察する
3219,カルシウム剤,便秘や胃部不快感などの消化器症状の訴えなく継続に問題なし｜服薬による特段の体調変化はなく継続して服用中｜現在までのところ自覚症状の変化はなく良好に経過している｜飲み忘れなく継続できており検査値を含めて経過を観察する
3221,無機質製剤,便秘等の自覚症状はなく残薬も発生していないため継続する｜消化器症状の出現なく服用は順調に経過している｜血液検査データに著変なく体調も良好に推移している｜服用による違和感等の訴えはなくアドヒアランス良好である
3222,無機質製剤,便秘等の自覚症状はなく残薬も発生していないため継続する｜消化器症状の出現なく服用は順調に経過している｜血液検査データに著変なく体調も良好に推移している｜服用による違和感等の訴えはなくアドヒアランス良好である
3229,無機質製剤,便秘等の自覚症状はなく残薬も発生していないため継続する｜消化器症状の出現なく服用は順調に経過している｜血液検査データに著変なく体調も良好に推移している｜服用による違和感等の訴えはなくアドヒアランス良好である
3231,糖類剤,低血糖症状の訴えなく経口摂取も良好に推移している｜指示通りの服用で血糖値の安定維持を確認している｜補食の準備を含め低血糖時の対応について理解できている｜食事の摂取量に大きな変動なく経過は良好である
3232,糖類剤,低血糖症状の訴えなく経口摂取も良好に推移している｜指示通りの服用で血糖値の安定維持を確認している｜補食の準備を含め低血糖時の対応について理解できている｜食事の摂取量に大きな変動なく経過は良好である
3233,糖類剤,低血糖症状の訴えなく経口摂取も良好に推移している｜指示通りの服用で血糖値の安定維持を確認している｜補食の準備を含め低血糖時の対応について理解できている｜食事の摂取量に大きな変動なく経過は良好である
3234,糖類剤,低血糖症状の訴えなく経口摂取も良好に推移している｜指示通りの服用で血糖値の安定維持を確認している｜補食の準備を含め低血糖時の対応について理解できている｜食事の摂取量に大きな変動なく経過は良好である
3239,糖類剤,低血糖症状の訴えなく経口摂取も良好に推移している｜指示通りの服用で血糖値の安定維持を確認している｜補食の準備を含め低血糖時の対応について理解できている｜食事の摂取量に大きな変動なく経過は良好である
3253,臓器製剤,肝機能等の血液検査値に異常なく継続に問題なし｜消化器症状などの自覚症状なく安定して経過している｜検査値および自覚症状ともに特段の異常は認められない｜臓器製剤の用法用量を守り規則正しく服用できている
3259,臓器製剤,肝機能等の血液検査値に異常なく継続に問題なし｜消化器症状などの自覚症状なく安定して経過している｜検査値および自覚症状ともに特段の異常は認められない｜臓器製剤の用法用量を守り規則正しく服用できている
3262,乳幼児用剤,発熱や咳などの症状は落ち着いており服薬による体調変化も見られない｜保護者による服薬管理が適切に行われており残薬や飲み忘れ等の問題はない｜皮膚の発疹や下痢等の副作用徴候はなく服薬状況は良好である｜症状の改善が見られるため処方通り継続にて経過観察とする
3272,分類不明,本剤の服用による自覚症状の訴えはなく服用継続に支障なし｜体調の変化や気になる副作用の発現は見られず順調に経過している｜用法用量通り問題なく服用できており特記事項なし｜処方継続にあたり不都合な体調変化はなく安定して継続できている
3279,分類不明,本剤の服用による自覚症状の訴えはなく服用継続に支障なし｜体調の変化や気になる副作用の発現は見られず順調に経過している｜用法用量通り問題なく服用できており特記事項なし｜処方継続にあたり不都合な体調変化はなく安定して継続できている
3291,その他の滋養強壮薬,全身倦怠感の改善傾向を確認し継続服用を推奨｜滋養強壮効果を実感されており継続に問題なし｜食欲や睡眠の状態に大きな変化なく経過良好｜服用による不快感等の訴えなく今後も継続を支援する
3299,その他の滋養強壮薬,全身倦怠感の改善傾向を確認し継続服用を推奨｜滋養強壮効果を実感されており継続に問題なし｜食欲や睡眠の状態に大きな変化なく経過良好｜服用による不快感等の訴えなく今後も継続を支援する
3311,血液代用剤,補液として循環動態を維持できており特に異常訴えなし｜自覚症状の悪化なく良好に経過している｜副作用の徴候なく処方通り継続できている｜体液バランスは安定しており特段の懸念点なし
3319,血液代用剤,補液として循環動態を維持できており特に異常訴えなし｜自覚症状の悪化なく良好に経過している｜副作用の徴候なく処方通り継続できている｜体液バランスは安定しており特段の懸念点なし
3321,止血剤,出血傾向などの異常なく経過は安定している｜皮下出血や歯肉出血などの自覚症状なく継続に問題なし｜用法用量通り服用できており副作用の発現も認められない｜止血効果の維持を目的に継続して服用できている
3322,止血剤,出血傾向などの異常なく経過は安定している｜皮下出血や歯肉出血などの自覚症状なく継続に問題なし｜用法用量通り服用できており副作用の発現も認められない｜止血効果の維持を目的に継続して服用できている
3323,止血剤,出血傾向などの異常なく経過は安定している｜皮下出血や歯肉出血などの自覚症状なく継続に問題なし｜用法用量通り服用できており副作用の発現も認められない｜止血効果の維持を目的に継続して服用できている
3326,止血剤,出血傾向などの異常なく経過は安定している｜皮下出血や歯肉出血などの自覚症状なく継続に問題なし｜用法用量通り服用できており副作用の発現も認められない｜止血効果の維持を目的に継続して服用できている
3327,止血剤,出血傾向などの異常なく経過は安定している｜皮下出血や歯肉出血などの自覚症状なく継続に問題なし｜用法用量通り服用できており副作用の発現も認められない｜止血効果の維持を目的に継続して服用できている
3329,止血剤,出血傾向などの異常なく経過は安定している｜皮下出血や歯肉出血などの自覚症状なく継続に問題なし｜用法用量通り服用できており副作用の発現も認められない｜止血効果の維持を目的に継続して服用できている
3331,血液凝固阻止剤,出血傾向などの自覚症状なく安定して経過している｜皮下出血や歯肉出血などの異常なく継続に問題なし｜あざができやすい等の出血症状なく安定して服用継続中｜服用後の体調変化はなく出血等のトラブルも認められない
3332,血液凝固阻止剤,出血傾向などの自覚症状なく安定して経過している｜皮下出血や歯肉出血などの異常なく継続に問題なし｜あざができやすい等の出血症状なく安定して服用継続中｜服用後の体調変化はなく出血等のトラブルも認められない
3334,血液凝固阻止剤,出血傾向などの自覚症状なく安定して経過している｜皮下出血や歯肉出血などの異常なく継続に問題なし｜あざができやすい等の出血症状なく安定して服用継続中｜服用後の体調変化はなく出血等のトラブルも認められない
3339,血液凝固阻止剤,出血傾向などの自覚症状なく安定して経過している｜皮下出血や歯肉出血などの異常なく継続に問題なし｜あざができやすい等の出血症状なく安定して服用継続中｜服用後の体調変化はなく出血等のトラブルも認められない
3399,その他の血液及び体液用薬,出血傾向や皮下出血などの異常所見は見られず安定して経過している｜体調の変化や新たな自覚症状の訴えはなく問題なく継続できている｜定期検査値の推移に大きな変動はなく治療計画通り順調に推移している｜服用による体調不良等の訴えはなく自己管理も良好に継続されている
3410,人工透析用薬,透析前後での体調不良や血圧変動の訴えなく安定して経過している｜透析効率に影響を及ぼすような過度な水分貯留や体重増加の徴候は見られない｜薬剤による消化器症状等の副作用出現なく継続服用できている｜透析による貧血や電解質異常に伴う特段の自覚症状は認められず経過良好である
3420,腹膜透析用薬,出口部の観察を行い異常のないことを確認した｜透析排液の性状に変化なく管理は良好である｜カテーテルの挿入部周囲に発赤や腫脹はなく経過良好である｜腹膜炎を示唆する腹痛や排液の混濁はなく安定している
3919,肝臓疾患用剤,全身の倦怠感や食欲不振などの自覚症状なく経過良好｜皮膚や眼球の黄染などの肝障害を疑う所見なく安定している｜定期的な血液検査数値を確認しつつ継続的な服用を指導｜体調の変化なく指示通り服用できていることを確認済み
3921,解毒剤,過量服用や中毒症状の徴候はなく経過は安定している｜体調の変化や気になる副作用の発現はなく服用を継続できている｜服薬後の身体症状に異常は見られず安定した状態を維持している｜自覚症状などの訴えはなく服薬遵守されており問題なく経過している
3922,解毒剤,過量服用や中毒症状の徴候はなく経過は安定している｜体調の変化や気になる副作用の発現はなく服用を継続できている｜服薬後の身体症状に異常は見られず安定した状態を維持している｜自覚症状などの訴えはなく服薬遵守されており問題なく経過している
3923,解毒剤,過量服用や中毒症状の徴候はなく経過は安定している｜体調の変化や気になる副作用の発現はなく服用を継続できている｜服薬後の身体症状に異常は見られず安定した状態を維持している｜自覚症状などの訴えはなく服薬遵守されており問題なく経過している
3925,解毒剤,過量服用や中毒症状の徴候はなく経過は安定している｜体調の変化や気になる副作用の発現はなく服用を継続できている｜服薬後の身体症状に異常は見られず安定した状態を維持している｜自覚症状などの訴えはなく服薬遵守されており問題なく経過している
3929,解毒剤,過量服用や中毒症状の徴候はなく経過は安定している｜体調の変化や気になる副作用の発現はなく服用を継続できている｜服薬後の身体症状に異常は見られず安定した状態を維持している｜自覚症状などの訴えはなく服薬遵守されており問題なく経過している
3932,習慣性中毒用剤,離脱症状や渇望感などの訴えなく順調に継続されている｜治療の意欲を維持されており服用状況も良好である｜心身の状態は安定しており本剤による特記すべき副作用の徴候も認められない｜服用を継続することで症状のコントロールが維持されていることを確認した
3939,習慣性中毒用剤,離脱症状や渇望感などの訴えなく順調に継続されている｜治療の意欲を維持されており服用状況も良好である｜心身の状態は安定しており本剤による特記すべき副作用の徴候も認められない｜服用を継続することで症状のコントロールが維持されていることを確認した
3941,痛風製剤,関節痛や腫れなどの発作症状なく経過良好｜尿酸値の管理は良好であり服薬継続により再発予防が図られている｜副作用の訴えはなく指示通りに服薬できている｜関節の違和感や発熱などの自覚症状なくコントロール良好である
3942,痛風製剤,関節痛や腫れなどの発作症状なく経過良好｜尿酸値の管理は良好であり服薬継続により再発予防が図られている｜副作用の訴えはなく指示通りに服薬できている｜関節の違和感や発熱などの自覚症状なくコントロール良好である
3943,痛風製剤,関節痛や腫れなどの発作症状なく経過良好｜尿酸値の管理は良好であり服薬継続により再発予防が図られている｜副作用の訴えはなく指示通りに服薬できている｜関節の違和感や発熱などの自覚症状なくコントロール良好である
3949,痛風製剤,関節痛や腫れなどの発作症状なく経過良好｜尿酸値の管理は良好であり服薬継続により再発予防が図られている｜副作用の訴えはなく指示通りに服薬できている｜関節の違和感や発熱などの自覚症状なくコントロール良好である
3954,酵素製剤,消化器症状の悪化や便通異常の訴えなく服用継続中｜食後の膨満感や消化不良などの症状は改善傾向にあり安定している｜飲み忘れなく継続できており消化器系の調子も安定している｜副作用や体調不良の訴えはなく問題なく継続できている
3959,酵素製剤,消化器症状の悪化や便通異常の訴えなく服用継続中｜食後の膨満感や消化不良などの症状は改善傾向にあり安定している｜飲み忘れなく継続できており消化器系の調子も安定している｜副作用や体調不良の訴えはなく問題なく継続できている
3961,糖尿病用剤,血糖値の大きな変動なく経過は良好である｜低血糖症状の自覚はなく指示通り服用継続できている｜生活習慣の改善に取り組みながら良好なコントロールを維持できている｜合併症の進行を示唆する自覚症状はなく安定した経過である
3962,糖尿病用剤,血糖値の大きな変動なく経過は良好である｜低血糖症状の自覚はなく指示通り服用継続できている｜生活習慣の改善に取り組みながら良好なコントロールを維持できている｜合併症の進行を示唆する自覚症状はなく安定した経過である
3969,糖尿病用剤,血糖値の大きな変動なく経過は良好である｜低血糖症状の自覚はなく指示通り服用継続できている｜生活習慣の改善に取り組みながら良好なコントロールを維持できている｜合併症の進行を示唆する自覚症状はなく安定した経過である
3991,他に分類されない代謝性医薬品,現在まで体調に大きな変化はなく経過は良好である｜自覚症状の訴えなく服用継続に支障はない｜特段の副作用の兆候は見られず安定している｜検査数値等の推移を含め引き続き経過観察を行う
3992,他に分類されない代謝性医薬品,現在まで体調に大きな変化はなく経過は良好である｜自覚症状の訴えなく服用継続に支障はない｜特段の副作用の兆候は見られず安定している｜検査数値等の推移を含め引き続き経過観察を行う
3999,他に分類されない代謝性医薬品,現在まで体調に大きな変化はなく経過は良好である｜自覚症状の訴えなく服用継続に支障はない｜特段の副作用の兆候は見られず安定している｜検査数値等の推移を含め引き続き経過観察を行う
4191,その他の腫瘍用薬,全身状態の大きな変化はなく体調は安定している｜腫瘍に伴う特有の症状の増悪は認められず経過良好｜継続的な内服により症状はコントロールされており副作用の訴えもない｜自覚的な体調変化はなく処方通りの継続で問題ない｜服用による消化器症状等の不調は現れておらず継続は妥当である
4211,アルキル化剤,骨髄抑制や感染症等の自覚症状はなく経過良好｜吐き気や倦怠感等の副作用の発現は見られず順調に服用中｜検査値の推移に異常なく治療は予定通り継続されている｜食欲不振や胃腸障害の訴えはなく体調は安定している
4212,アルキル化剤,骨髄抑制や感染症等の自覚症状はなく経過良好｜吐き気や倦怠感等の副作用の発現は見られず順調に服用中｜検査値の推移に異常なく治療は予定通り継続されている｜食欲不振や胃腸障害の訴えはなく体調は安定している
4213,アルキル化剤,骨髄抑制や感染症等の自覚症状はなく経過良好｜吐き気や倦怠感等の副作用の発現は見られず順調に服用中｜検査値の推移に異常なく治療は予定通り継続されている｜食欲不振や胃腸障害の訴えはなく体調は安定している
4219,アルキル化剤,骨髄抑制や感染症等の自覚症状はなく経過良好｜吐き気や倦怠感等の副作用の発現は見られず順調に服用中｜検査値の推移に異常なく治療は予定通り継続されている｜食欲不振や胃腸障害の訴えはなく体調は安定している
4221,代謝拮抗剤,自覚症状なく体調は安定しており継続に問題なし｜治療に伴う倦怠感や口内炎などの副作用症状は認められず経過良好｜定期的な血液検査の結果を含め治療計画通りに服薬継続できている｜重篤な副作用の兆候は見られず体調管理は適切に行われている
4222,代謝拮抗剤,自覚症状なく体調は安定しており継続に問題なし｜治療に伴う倦怠感や口内炎などの副作用症状は認められず経過良好｜定期的な血液検査の結果を含め治療計画通りに服薬継続できている｜重篤な副作用の兆候は見られず体調管理は適切に行われている
4223,代謝拮抗剤,自覚症状なく体調は安定しており継続に問題なし｜治療に伴う倦怠感や口内炎などの副作用症状は認められず経過良好｜定期的な血液検査の結果を含め治療計画通りに服薬継続できている｜重篤な副作用の兆候は見られず体調管理は適切に行われている
4224,代謝拮抗剤,自覚症状なく体調は安定しており継続に問題なし｜治療に伴う倦怠感や口内炎などの副作用症状は認められず経過良好｜定期的な血液検査の結果を含め治療計画通りに服薬継続できている｜重篤な副作用の兆候は見られず体調管理は適切に行われている
4229,代謝拮抗剤,自覚症状なく体調は安定しており継続に問題なし｜治療に伴う倦怠感や口内炎などの副作用症状は認められず経過良好｜定期的な血液検査の結果を含め治療計画通りに服薬継続できている｜重篤な副作用の兆候は見られず体調管理は適切に行われている
4231,抗腫瘍性抗生物質製剤,骨髄抑制等の副作用発現なく自覚症状も安定している｜発熱や感染症を疑う徴候なく経過良好である｜粘膜障害や皮膚症状の出現なく継続に問題なし｜治療計画に沿って服薬できており全身状態も安定している
4233,抗腫瘍性抗生物質製剤,骨髄抑制等の副作用発現なく自覚症状も安定している｜発熱や感染症を疑う徴候なく経過良好である｜粘膜障害や皮膚症状の出現なく継続に問題なし｜治療計画に沿って服薬できており全身状態も安定している
4234,抗腫瘍性抗生物質製剤,骨髄抑制等の副作用発現なく自覚症状も安定している｜発熱や感染症を疑う徴候なく経過良好である｜粘膜障害や皮膚症状の出現なく継続に問題なし｜治療計画に沿って服薬できており全身状態も安定している
4235,抗腫瘍性抗生物質製剤,骨髄抑制等の副作用発現なく自覚症状も安定している｜発熱や感染症を疑う徴候なく経過良好である｜粘膜障害や皮膚症状の出現なく継続に問題なし｜治療計画に沿って服薬できており全身状態も安定している
4239,抗腫瘍性抗生物質製剤,骨髄抑制等の副作用発現なく自覚症状も安定している｜発熱や感染症を疑う徴候なく経過良好である｜粘膜障害や皮膚症状の出現なく継続に問題なし｜治療計画に沿って服薬できており全身状態も安定している
4240,抗腫瘍性植物成分製剤,倦怠感や食欲不振などの体調変化なく安定して経過している｜好中球減少等を示唆する発熱や感染症徴候は認められない｜消化器症状の発現なく食事摂取も良好に推移している｜治療による脱毛や皮膚障害の訴えなく継続に問題なし
4291,その他の腫瘍用薬,全身状態の大きな変化はなく体調は安定している｜腫瘍に伴う特有の症状の増悪は認められず経過良好｜継続的な内服により症状はコントロールされており副作用の訴えもない｜自覚的な体調変化はなく処方通りの継続で問題ない｜服用による消化器症状等の不調は現れておらず継続は妥当である
4299,その他の腫瘍用薬,全身状態の大きな変化はなく体調は安定している｜腫瘍に伴う特有の症状の増悪は認められず経過良好｜継続的な内服により症状はコントロールされており副作用の訴えもない｜自覚的な体調変化はなく処方通りの継続で問題ない｜服用による消化器症状等の不調は現れておらず継続は妥当である
4300,分類不明,本剤の服用による自覚症状の訴えはなく服用継続に支障なし｜体調の変化や気になる副作用の発現は見られず順調に経過している｜用法用量通り問題なく服用できており特記事項なし｜処方継続にあたり不都合な体調変化はなく安定して継続できている
4411,抗ヒスタミン剤,眠気や口渇などの副作用症状の発現はなく経過良好です｜日中の眠気等の自覚症状はなく日常生活に支障なく継続できています｜薬剤によるふらつきや倦怠感の訴えなく安定して服用できています｜眠気等の副作用発現を認めず予定通り継続いただいています
4413,抗ヒスタミン剤,眠気や口渇などの副作用症状の発現はなく経過良好です｜日中の眠気等の自覚症状はなく日常生活に支障なく継続できています｜薬剤によるふらつきや倦怠感の訴えなく安定して服用できています｜眠気等の副作用発現を認めず予定通り継続いただいています
4419,抗ヒスタミン剤,眠気や口渇などの副作用症状の発現はなく経過良好です｜日中の眠気等の自覚症状はなく日常生活に支障なく継続できています｜薬剤によるふらつきや倦怠感の訴えなく安定して服用できています｜眠気等の副作用発現を認めず予定通り継続いただいています
4420,刺激療法剤,皮膚の刺激感や発赤などの皮膚症状はみられず経過良好です｜薬液塗布部位の痒みや痛みなどの訴えはなく問題なく継続できています｜使用開始後の皮膚トラブル等なく良好に使用継続中です｜貼付部位の荒れや赤みなどの症状は出現しておらず継続に支障はありません
4490,その他のアレルギー用薬,アレルギー症状の再燃なく経過しており症状は安定している｜季節性の鼻炎症状等の変化なく治療効果は得られている｜眠気や口渇等の副作用の発現はなく服薬継続に問題はない｜現在の服用方法で過不足なく使用できており良好に管理されている
4900,分類不明,本剤の服用による自覚症状の訴えはなく服用継続に支障なし｜体調の変化や気になる副作用の発現は見られず順調に経過している｜用法用量通り問題なく服用できており特記事項なし｜処方継続にあたり不都合な体調変化はなく安定して継続できている
5100,分類不明,本剤の服用による自覚症状の訴えはなく服用継続に支障なし｜体調の変化や気になる副作用の発現は見られず順調に経過している｜用法用量通り問題なく服用できており特記事項なし｜処方継続にあたり不都合な体調変化はなく安定して継続できている
5200,分類不明,本剤の服用による自覚症状の訴えはなく服用継続に支障なし｜体調の変化や気になる副作用の発現は見られず順調に経過している｜用法用量通り問題なく服用できており特記事項なし｜処方継続にあたり不都合な体調変化はなく安定して継続できている
5900,分類不明,本剤の服用による自覚症状の訴えはなく服用継続に支障なし｜体調の変化や気になる副作用の発現は見られず順調に経過している｜用法用量通り問題なく服用できており特記事項なし｜処方継続にあたり不都合な体調変化はなく安定して継続できている
6111,主としてグラム陽性菌に作用するもの,下痢や腹痛などの消化器症状の発現はなく順調に服用できている｜発疹や痒み等の過敏症症状の出現はなく経過良好である｜指示通りの服用間隔を守り飲み忘れなく継続できている｜全量服用できており症状の改善傾向が認められる
6112,主としてグラム陽性菌に作用するもの,下痢や腹痛などの消化器症状の発現はなく順調に服用できている｜発疹や痒み等の過敏症症状の出現はなく経過良好である｜指示通りの服用間隔を守り飲み忘れなく継続できている｜全量服用できており症状の改善傾向が認められる
6113,主としてグラム陽性菌に作用するもの,下痢や腹痛などの消化器症状の発現はなく順調に服用できている｜発疹や痒み等の過敏症症状の出現はなく経過良好である｜指示通りの服用間隔を守り飲み忘れなく継続できている｜全量服用できており症状の改善傾向が認められる
6119,主としてグラム陽性菌に作用するもの,下痢や腹痛などの消化器症状の発現はなく順調に服用できている｜発疹や痒み等の過敏症症状の出現はなく経過良好である｜指示通りの服用間隔を守り飲み忘れなく継続できている｜全量服用できており症状の改善傾向が認められる
6122,主としてグラム陰性菌に作用するもの,感染症状の改善傾向を確認し、自己判断での中断がないよう残薬調整を含め服薬継続の重要性を指導済み｜下痢や腹痛などの消化器症状の出現がないことを確認し継続投与に問題なし｜用法用量通り規則正しく服用できており、感染症の諸症状も順調に軽快していることを確認｜自覚症状の改善を認め、副作用の徴候もみられないため指示通り全量服用を継続するよう指導済み
6123,主としてグラム陰性菌に作用するもの,感染症状の改善傾向を確認し、自己判断での中断がないよう残薬調整を含め服薬継続の重要性を指導済み｜下痢や腹痛などの消化器症状の出現がないことを確認し継続投与に問題なし｜用法用量通り規則正しく服用できており、感染症の諸症状も順調に軽快していることを確認｜自覚症状の改善を認め、副作用の徴候もみられないため指示通り全量服用を継続するよう指導済み
6124,主としてグラム陰性菌に作用するもの,感染症状の改善傾向を確認し、自己判断での中断がないよう残薬調整を含め服薬継続の重要性を指導済み｜下痢や腹痛などの消化器症状の出現がないことを確認し継続投与に問題なし｜用法用量通り規則正しく服用できており、感染症の諸症状も順調に軽快していることを確認｜自覚症状の改善を認め、副作用の徴候もみられないため指示通り全量服用を継続するよう指導済み
6125,主としてグラム陰性菌に作用するもの,感染症状の改善傾向を確認し、自己判断での中断がないよう残薬調整を含め服薬継続の重要性を指導済み｜下痢や腹痛などの消化器症状の出現がないことを確認し継続投与に問題なし｜用法用量通り規則正しく服用できており、感染症の諸症状も順調に軽快していることを確認｜自覚症状の改善を認め、副作用の徴候もみられないため指示通り全量服用を継続するよう指導済み
6126,主としてグラム陰性菌に作用するもの,感染症状の改善傾向を確認し、自己判断での中断がないよう残薬調整を含め服薬継続の重要性を指導済み｜下痢や腹痛などの消化器症状の出現がないことを確認し継続投与に問題なし｜用法用量通り規則正しく服用できており、感染症の諸症状も順調に軽快していることを確認｜自覚症状の改善を認め、副作用の徴候もみられないため指示通り全量服用を継続するよう指導済み
6129,主としてグラム陰性菌に作用するもの,感染症状の改善傾向を確認し、自己判断での中断がないよう残薬調整を含め服薬継続の重要性を指導済み｜下痢や腹痛などの消化器症状の出現がないことを確認し継続投与に問題なし｜用法用量通り規則正しく服用できており、感染症の諸症状も順調に軽快していることを確認｜自覚症状の改善を認め、副作用の徴候もみられないため指示通り全量服用を継続するよう指導済み
6131,主としてグラム陽性・陰性菌に作用するもの,下痢や腹痛などの消化器症状の出現なく経過している｜皮疹や発疹などの過敏症状なく服用継続できている｜処方通り規則的に服用できており症状の改善傾向を認める｜飲み忘れなく服用継続できており現在の用法用量で問題ない
6132,主としてグラム陽性・陰性菌に作用するもの,下痢や腹痛などの消化器症状の出現なく経過している｜皮疹や発疹などの過敏症状なく服用継続できている｜処方通り規則的に服用できており症状の改善傾向を認める｜飲み忘れなく服用継続できており現在の用法用量で問題ない
6133,主としてグラム陽性・陰性菌に作用するもの,下痢や腹痛などの消化器症状の出現なく経過している｜皮疹や発疹などの過敏症状なく服用継続できている｜処方通り規則的に服用できており症状の改善傾向を認める｜飲み忘れなく服用継続できており現在の用法用量で問題ない
6134,主としてグラム陽性・陰性菌に作用するもの,下痢や腹痛などの消化器症状の出現なく経過している｜皮疹や発疹などの過敏症状なく服用継続できている｜処方通り規則的に服用できており症状の改善傾向を認める｜飲み忘れなく服用継続できており現在の用法用量で問題ない
6135,主としてグラム陽性・陰性菌に作用するもの,下痢や腹痛などの消化器症状の出現なく経過している｜皮疹や発疹などの過敏症状なく服用継続できている｜処方通り規則的に服用できており症状の改善傾向を認める｜飲み忘れなく服用継続できており現在の用法用量で問題ない
6139,主としてグラム陽性・陰性菌に作用するもの,下痢や腹痛などの消化器症状の出現なく経過している｜皮疹や発疹などの過敏症状なく服用継続できている｜処方通り規則的に服用できており症状の改善傾向を認める｜飲み忘れなく服用継続できており現在の用法用量で問題ない
6141,主としてグラム陽性菌、マイコプラズマに作用するもの,下痢や腹痛などの消化器症状の出現なく経過している｜皮疹や発疹などの過敏症反応なく服用継続できている｜症状の改善を自覚されており指示通り服用を継続している｜体調不良の訴えなく、処方通り順調に服用できている
6142,主としてグラム陽性菌、マイコプラズマに作用するもの,下痢や腹痛などの消化器症状の出現なく経過している｜皮疹や発疹などの過敏症反応なく服用継続できている｜症状の改善を自覚されており指示通り服用を継続している｜体調不良の訴えなく、処方通り順調に服用できている
6149,主としてグラム陽性菌、マイコプラズマに作用するもの,下痢や腹痛などの消化器症状の出現なく経過している｜皮疹や発疹などの過敏症反応なく服用継続できている｜症状の改善を自覚されており指示通り服用を継続している｜体調不良の訴えなく、処方通り順調に服用できている
6151,主としてグラム陽性・陰性菌、リケッチア、クラミジアに作用するもの,飲み忘れなく内服できており消化器症状等の副作用も認められない｜自己判断での中断なく継続できており全身状態に特記すべき変化なし｜処方通りに服用できており下痢や発疹等の自覚症状の出現もない｜指示通り服用し症状の軽快がみられ副作用と思われる訴えもなし
6152,主としてグラム陽性・陰性菌、リケッチア、クラミジアに作用するもの,飲み忘れなく内服できており消化器症状等の副作用も認められない｜自己判断での中断なく継続できており全身状態に特記すべき変化なし｜処方通りに服用できており下痢や発疹等の自覚症状の出現もない｜指示通り服用し症状の軽快がみられ副作用と思われる訴えもなし
6161,主として抗酸菌に作用するもの,服薬アドヒアランス良好であり飲み忘れなく継続できている｜自覚症状の変化なく副作用の発現も認められない｜処方通り継続服用されており治療効果の指標に特段の懸念はない｜定期的な血液検査等の経過を含め体調に変化なく安定している
6162,主として抗酸菌に作用するもの,服薬アドヒアランス良好であり飲み忘れなく継続できている｜自覚症状の変化なく副作用の発現も認められない｜処方通り継続服用されており治療効果の指標に特段の懸念はない｜定期的な血液検査等の経過を含め体調に変化なく安定している
6164,主として抗酸菌に作用するもの,服薬アドヒアランス良好であり飲み忘れなく継続できている｜自覚症状の変化なく副作用の発現も認められない｜処方通り継続服用されており治療効果の指標に特段の懸念はない｜定期的な血液検査等の経過を含め体調に変化なく安定している
6165,主として抗酸菌に作用するもの,服薬アドヒアランス良好であり飲み忘れなく継続できている｜自覚症状の変化なく副作用の発現も認められない｜処方通り継続服用されており治療効果の指標に特段の懸念はない｜定期的な血液検査等の経過を含め体調に変化なく安定している
6169,主として抗酸菌に作用するもの,服薬アドヒアランス良好であり飲み忘れなく継続できている｜自覚症状の変化なく副作用の発現も認められない｜処方通り継続服用されており治療効果の指標に特段の懸念はない｜定期的な血液検査等の経過を含め体調に変化なく安定している
6173,主としてカビに作用するもの,患部のかゆみや赤みの改善が見られ治療は順調に経過している｜塗布後の皮膚刺激感や発赤などの皮膚症状は認められず継続に問題なし｜塗り忘れなく継続できており症状は良好に推移している｜患部の状態は落ち着いており副作用の訴えもなく経過良好である
6179,主としてカビに作用するもの,患部のかゆみや赤みの改善が見られ治療は順調に経過している｜塗布後の皮膚刺激感や発赤などの皮膚症状は認められず継続に問題なし｜塗り忘れなく継続できており症状は良好に推移している｜患部の状態は落ち着いており副作用の訴えもなく経過良好である
6191,その他の抗生物質製剤,下痢や腹痛などの消化器症状の出現なく順調に服用できている｜発疹や痒み等の過敏症状の出現なく経過良好｜飲み忘れなく用法通り服用されており症状の改善が見られる｜症状の寛解に向けて指示通り服用を継続できている
6199,その他の抗生物質製剤,下痢や腹痛などの消化器症状の出現なく順調に服用できている｜発疹や痒み等の過敏症状の出現なく経過良好｜飲み忘れなく用法通り服用されており症状の改善が見られる｜症状の寛解に向けて指示通り服用を継続できている
6212,サルファ剤,感染症症状の改善傾向を確認し継続使用の必要性を判断した｜発疹や薬疹などの皮膚症状が出現していないことを確認した｜副作用による消化器症状の訴えはなく問題なく服用されている｜アレルギー歴を再確認し重篤な副作用の発現がないことを確認した
6219,サルファ剤,感染症症状の改善傾向を確認し継続使用の必要性を判断した｜発疹や薬疹などの皮膚症状が出現していないことを確認した｜副作用による消化器症状の訴えはなく問題なく服用されている｜アレルギー歴を再確認し重篤な副作用の発現がないことを確認した
6221,抗結核剤,長期間の服用が必要となるため、アドヒアランス低下を防ぐべく服薬継続の重要性について再確認した｜自覚症状としての肝機能障害を示唆する倦怠感や食欲不振はなく経過は良好である｜耐性菌を防ぐために定められた用法用量を遵守し、飲み忘れがないことを確認した｜結核の治療は中断がリスクとなるため、残薬調整を行いながら確実に服用を継続するよう指導した
6222,抗結核剤,長期間の服用が必要となるため、アドヒアランス低下を防ぐべく服薬継続の重要性について再確認した｜自覚症状としての肝機能障害を示唆する倦怠感や食欲不振はなく経過は良好である｜耐性菌を防ぐために定められた用法用量を遵守し、飲み忘れがないことを確認した｜結核の治療は中断がリスクとなるため、残薬調整を行いながら確実に服用を継続するよう指導した
6223,抗結核剤,長期間の服用が必要となるため、アドヒアランス低下を防ぐべく服薬継続の重要性について再確認した｜自覚症状としての肝機能障害を示唆する倦怠感や食欲不振はなく経過は良好である｜耐性菌を防ぐために定められた用法用量を遵守し、飲み忘れがないことを確認した｜結核の治療は中断がリスクとなるため、残薬調整を行いながら確実に服用を継続するよう指導した
6224,抗結核剤,長期間の服用が必要となるため、アドヒアランス低下を防ぐべく服薬継続の重要性について再確認した｜自覚症状としての肝機能障害を示唆する倦怠感や食欲不振はなく経過は良好である｜耐性菌を防ぐために定められた用法用量を遵守し、飲み忘れがないことを確認した｜結核の治療は中断がリスクとなるため、残薬調整を行いながら確実に服用を継続するよう指導した
6225,抗結核剤,長期間の服用が必要となるため、アドヒアランス低下を防ぐべく服薬継続の重要性について再確認した｜自覚症状としての肝機能障害を示唆する倦怠感や食欲不振はなく経過は良好である｜耐性菌を防ぐために定められた用法用量を遵守し、飲み忘れがないことを確認した｜結核の治療は中断がリスクとなるため、残薬調整を行いながら確実に服用を継続するよう指導した
6239,抗らい剤,皮膚の異常やしびれなどの症状なく経過良好｜神経症状の増悪や新たな随伴症状なく服用を継続できている｜定期的な検査値の推移に異常なく服薬による治療効果を確認｜感覚障害や知覚低下の兆候は見られず病状は安定している
6241,合成抗菌剤,抗菌薬の服用による消化器症状の出現はなく経過良好｜指示通りの全量服用ができており治療効果を期待する｜アレルギー歴や皮膚の発疹等の副作用症状は認められない｜症状改善に伴う自己判断での中断はせず処方期間の完遂を指導済み
6249,合成抗菌剤,抗菌薬の服用による消化器症状の出現はなく経過良好｜指示通りの全量服用ができており治療効果を期待する｜アレルギー歴や皮膚の発疹等の副作用症状は認められない｜症状改善に伴う自己判断での中断はせず処方期間の完遂を指導済み
6250,抗ウイルス剤,症状の増悪や皮疹等の副作用なく経過良好｜用法用量通り服用できており飲み忘れなし｜体調の大きな変化なく継続使用に問題なし｜副作用等の自覚症状の訴えなく服用継続中
6290,その他の化学療法剤,自覚症状なく経過良好であり継続使用に問題なし｜用法用量を遵守し問題なく継続できている｜特段の副作用症状は認められず安定して服用継続中｜体調変化の訴えなく化学療法剤としての服用を継続できている
6311,駆虫剤,駆虫薬服用後の腹痛や下痢などの消化器症状の訴えなし｜服薬後の体調変化はなく順調に経過している｜服用方法の確認を行い用法通り服用されていることを確認｜指示通り服用され特段の副作用の自覚症状なし
6313,駆虫剤,駆虫薬服用後の腹痛や下痢などの消化器症状の訴えなし｜服薬後の体調変化はなく順調に経過している｜服用方法の確認を行い用法通り服用されていることを確認｜指示通り服用され特段の副作用の自覚症状なし
6322,抗原虫剤,下痢や腹痛などの消化器症状の発現はなく服用を継続できている｜用法用量を守り指示通りに服薬し治療が順調に経過している｜飲み忘れなく服用が継続されており症状の改善が確認できている｜現在の服薬状況に問題はなく自覚症状も消失し経過良好である
6331,分類不明,本剤の服用による自覚症状の訴えはなく服用継続に支障なし｜体調の変化や気になる副作用の発現は見られず順調に経過している｜用法用量通り問題なく服用できており特記事項なし｜処方継続にあたり不都合な体調変化はなく安定して継続できている
6341,分類不明,本剤の服用による自覚症状の訴えはなく服用継続に支障なし｜体調の変化や気になる副作用の発現は見られず順調に経過している｜用法用量通り問題なく服用できており特記事項なし｜処方継続にあたり不都合な体調変化はなく安定して継続できている
6342,分類不明,本剤の服用による自覚症状の訴えはなく服用継続に支障なし｜体調の変化や気になる副作用の発現は見られず順調に経過している｜用法用量通り問題なく服用できており特記事項なし｜処方継続にあたり不都合な体調変化はなく安定して継続できている
6343,分類不明,本剤の服用による自覚症状の訴えはなく服用継続に支障なし｜体調の変化や気になる副作用の発現は見られず順調に経過している｜用法用量通り問題なく服用できており特記事項なし｜処方継続にあたり不都合な体調変化はなく安定して継続できている
6349,分類不明,本剤の服用による自覚症状の訴えはなく服用継続に支障なし｜体調の変化や気になる副作用の発現は見られず順調に経過している｜用法用量通り問題なく服用できており特記事項なし｜処方継続にあたり不都合な体調変化はなく安定して継続できている
6391,その他の寄生動物用薬,痒みや皮膚症状の悪化は見られず治療経過は順調である｜用法用量を遵守し問題なく継続できている｜患部の赤みや腫れなど異常は見られず経過は良好である｜副作用の訴えなく計画通りに治療が進行している
6393,その他の寄生動物用薬,痒みや皮膚症状の悪化は見られず治療経過は順調である｜用法用量を遵守し問題なく継続できている｜患部の赤みや腫れなど異常は見られず経過は良好である｜副作用の訴えなく計画通りに治療が進行している
6399,その他の寄生動物用薬,痒みや皮膚症状の悪化は見られず治療経過は順調である｜用法用量を遵守し問題なく継続できている｜患部の赤みや腫れなど異常は見られず経過は良好である｜副作用の訴えなく計画通りに治療が進行している
6415,分類不明,本剤の服用による自覚症状の訴えはなく服用継続に支障なし｜体調の変化や気になる副作用の発現は見られず順調に経過している｜用法用量通り問題なく服用できており特記事項なし｜処方継続にあたり不都合な体調変化はなく安定して継続できている
6419,分類不明,本剤の服用による自覚症状の訴えはなく服用継続に支障なし｜体調の変化や気になる副作用の発現は見られず順調に経過している｜用法用量通り問題なく服用できており特記事項なし｜処方継続にあたり不都合な体調変化はなく安定して継続できている
6422,分類不明,本剤の服用による自覚症状の訴えはなく服用継続に支障なし｜体調の変化や気になる副作用の発現は見られず順調に経過している｜用法用量通り問題なく服用できており特記事項なし｜処方継続にあたり不都合な体調変化はなく安定して継続できている
6424,分類不明,本剤の服用による自覚症状の訴えはなく服用継続に支障なし｜体調の変化や気になる副作用の発現は見られず順調に経過している｜用法用量通り問題なく服用できており特記事項なし｜処方継続にあたり不都合な体調変化はなく安定して継続できている
6428,分類不明,本剤の服用による自覚症状の訴えはなく服用継続に支障なし｜体調の変化や気になる副作用の発現は見られず順調に経過している｜用法用量通り問題なく服用できており特記事項なし｜処方継続にあたり不都合な体調変化はなく安定して継続できている
6429,分類不明,本剤の服用による自覚症状の訴えはなく服用継続に支障なし｜体調の変化や気になる副作用の発現は見られず順調に経過している｜用法用量通り問題なく服用できており特記事項なし｜処方継続にあたり不都合な体調変化はなく安定して継続できている
7111,Ｘ線造影剤,検査直前の服用方法を確認し指示通り実施されている｜副作用の兆候なく予定通り検査実施へ移行｜服用タイミングの誤りなく指示通りの検査準備ができている｜消化器症状等の自覚症状はなく検査当日を迎えられている
7112,Ｘ線造影剤,検査直前の服用方法を確認し指示通り実施されている｜副作用の兆候なく予定通り検査実施へ移行｜服用タイミングの誤りなく指示通りの検査準備ができている｜消化器症状等の自覚症状はなく検査当日を迎えられている
7113,Ｘ線造影剤,検査直前の服用方法を確認し指示通り実施されている｜副作用の兆候なく予定通り検査実施へ移行｜服用タイミングの誤りなく指示通りの検査準備ができている｜消化器症状等の自覚症状はなく検査当日を迎えられている
7119,Ｘ線造影剤,検査直前の服用方法を確認し指示通り実施されている｜副作用の兆候なく予定通り検査実施へ移行｜服用タイミングの誤りなく指示通りの検査準備ができている｜消化器症状等の自覚症状はなく検査当日を迎えられている
7121,機能検査用試薬,検査前の服用手順を再確認し、指示通りの時間で確実に服用できている｜検査当日の体調不良や副作用の訴えはなく、予定通り検査を実施できる状態である｜検査のための服薬について理解が得られており、飲み忘れなく適切に服用できている｜検査に伴う特異的な体調変化の訴えはなく、経過は良好である
7122,機能検査用試薬,検査前の服用手順を再確認し、指示通りの時間で確実に服用できている｜検査当日の体調不良や副作用の訴えはなく、予定通り検査を実施できる状態である｜検査のための服薬について理解が得られており、飲み忘れなく適切に服用できている｜検査に伴う特異的な体調変化の訴えはなく、経過は良好である
7123,機能検査用試薬,検査前の服用手順を再確認し、指示通りの時間で確実に服用できている｜検査当日の体調不良や副作用の訴えはなく、予定通り検査を実施できる状態である｜検査のための服薬について理解が得られており、飲み忘れなく適切に服用できている｜検査に伴う特異的な体調変化の訴えはなく、経過は良好である
7129,機能検査用試薬,検査前の服用手順を再確認し、指示通りの時間で確実に服用できている｜検査当日の体調不良や副作用の訴えはなく、予定通り検査を実施できる状態である｜検査のための服薬について理解が得られており、飲み忘れなく適切に服用できている｜検査に伴う特異的な体調変化の訴えはなく、経過は良好である
7131,分類不明,本剤の服用による自覚症状の訴えはなく服用継続に支障なし｜体調の変化や気になる副作用の発現は見られず順調に経過している｜用法用量通り問題なく服用できており特記事項なし｜処方継続にあたり不都合な体調変化はなく安定して継続できている
7134,分類不明,本剤の服用による自覚症状の訴えはなく服用継続に支障なし｜体調の変化や気になる副作用の発現は見られず順調に経過している｜用法用量通り問題なく服用できており特記事項なし｜処方継続にあたり不都合な体調変化はなく安定して継続できている
7139,分類不明,本剤の服用による自覚症状の訴えはなく服用継続に支障なし｜体調の変化や気になる副作用の発現は見られず順調に経過している｜用法用量通り問題なく服用できており特記事項なし｜処方継続にあたり不都合な体調変化はなく安定して継続できている
7142,分類不明,本剤の服用による自覚症状の訴えはなく服用継続に支障なし｜体調の変化や気になる副作用の発現は見られず順調に経過している｜用法用量通り問題なく服用できており特記事項なし｜処方継続にあたり不都合な体調変化はなく安定して継続できている
7143,分類不明,本剤の服用による自覚症状の訴えはなく服用継続に支障なし｜体調の変化や気になる副作用の発現は見られず順調に経過している｜用法用量通り問題なく服用できており特記事項なし｜処方継続にあたり不都合な体調変化はなく安定して継続できている
7149,分類不明,本剤の服用による自覚症状の訴えはなく服用継続に支障なし｜体調の変化や気になる副作用の発現は見られず順調に経過している｜用法用量通り問題なく服用できており特記事項なし｜処方継続にあたり不都合な体調変化はなく安定して継続できている
7190,その他の診断用薬,検査当日の体調に変化なく予定通り使用できている｜使用後のアレルギー反応や体調不良などの訴えなく経過良好｜用法用量を誤ることなく適切に使用されている｜診断用薬としての使用前後において明らかな自覚症状の変化は見られない
7211,一般検査用試薬,検査キットの操作手順について再確認し、手順通りに実施できていることを確認した｜検体の採取方法について不明な点はなく、適切に実施できている｜検査結果の解釈やその後の対応について説明し、理解を得た｜検査薬の使用期限に問題なく、適切に保管されていることを確認した
7212,一般検査用試薬,検査キットの操作手順について再確認し、手順通りに実施できていることを確認した｜検体の採取方法について不明な点はなく、適切に実施できている｜検査結果の解釈やその後の対応について説明し、理解を得た｜検査薬の使用期限に問題なく、適切に保管されていることを確認した
7213,一般検査用試薬,検査キットの操作手順について再確認し、手順通りに実施できていることを確認した｜検体の採取方法について不明な点はなく、適切に実施できている｜検査結果の解釈やその後の対応について説明し、理解を得た｜検査薬の使用期限に問題なく、適切に保管されていることを確認した
7214,一般検査用試薬,検査キットの操作手順について再確認し、手順通りに実施できていることを確認した｜検体の採取方法について不明な点はなく、適切に実施できている｜検査結果の解釈やその後の対応について説明し、理解を得た｜検査薬の使用期限に問題なく、適切に保管されていることを確認した
7219,一般検査用試薬,検査キットの操作手順について再確認し、手順通りに実施できていることを確認した｜検体の採取方法について不明な点はなく、適切に実施できている｜検査結果の解釈やその後の対応について説明し、理解を得た｜検査薬の使用期限に問題なく、適切に保管されていることを確認した
7223,血液検査用試薬,検査結果の活用について理解されており、今回の測定も指示通り実施予定｜検査前の食事制限や服用注意点について確認済みであり、順守の意志が認められる｜検査に関する不安や体調不良の訴えはなく、スムーズに実施予定である｜次回の通院に向けた手順について認識されており、問題なく継続される見込みである
7224,血液検査用試薬,検査結果の活用について理解されており、今回の測定も指示通り実施予定｜検査前の食事制限や服用注意点について確認済みであり、順守の意志が認められる｜検査に関する不安や体調不良の訴えはなく、スムーズに実施予定である｜次回の通院に向けた手順について認識されており、問題なく継続される見込みである
7225,血液検査用試薬,検査結果の活用について理解されており、今回の測定も指示通り実施予定｜検査前の食事制限や服用注意点について確認済みであり、順守の意志が認められる｜検査に関する不安や体調不良の訴えはなく、スムーズに実施予定である｜次回の通院に向けた手順について認識されており、問題なく継続される見込みである
7229,血液検査用試薬,検査結果の活用について理解されており、今回の測定も指示通り実施予定｜検査前の食事制限や服用注意点について確認済みであり、順守の意志が認められる｜検査に関する不安や体調不良の訴えはなく、スムーズに実施予定である｜次回の通院に向けた手順について認識されており、問題なく継続される見込みである
7290,その他の体外診断用医薬品,検査キットの使用方法を改めて確認し、手順通りに実施できていることを確認した｜検体採取時の異常や操作ミス等のトラブルなく測定できている｜判定結果に基づき適切に受診等の対応がとられている｜検査結果に対する不安な様子はなく、正しく自己管理できている
7311,防腐剤,使用部位の皮膚トラブルや刺激感の訴えなく経過良好｜用法用量を遵守し適切に使用できていることを確認｜適用部位の赤みやかゆみ等の副作用症状なく使用継続中｜本剤の使用に伴う不快感などの自覚症状はなく問題なし
7319,防腐剤,使用部位の皮膚トラブルや刺激感の訴えなく経過良好｜用法用量を遵守し適切に使用できていることを確認｜適用部位の赤みやかゆみ等の副作用症状なく使用継続中｜本剤の使用に伴う不快感などの自覚症状はなく問題なし
7451,分類不明,本剤の服用による自覚症状の訴えはなく服用継続に支障なし｜体調の変化や気になる副作用の発現は見られず順調に経過している｜用法用量通り問題なく服用できており特記事項なし｜処方継続にあたり不都合な体調変化はなく安定して継続できている
7990,分類不明,本剤の服用による自覚症状の訴えはなく服用継続に支障なし｜体調の変化や気になる副作用の発現は見られず順調に経過している｜用法用量通り問題なく服用できており特記事項なし｜処方継続にあたり不都合な体調変化はなく安定して継続できている
8112,アヘンアルカロイド系麻薬,便秘や眠気などの副作用の発現はなく経過良好である｜麻薬の定期服用により疼痛は安定しており日常生活に支障ない状態である｜用法用量を遵守し過量服用の兆候はなく適切に使用されている｜吐き気やめまいなどの自覚症状なく忍容性に問題なし
8113,アヘンアルカロイド系麻薬,便秘や眠気などの副作用の発現はなく経過良好である｜麻薬の定期服用により疼痛は安定しており日常生活に支障ない状態である｜用法用量を遵守し過量服用の兆候はなく適切に使用されている｜吐き気やめまいなどの自覚症状なく忍容性に問題なし
8114,アヘンアルカロイド系麻薬,便秘や眠気などの副作用の発現はなく経過良好である｜麻薬の定期服用により疼痛は安定しており日常生活に支障ない状態である｜用法用量を遵守し過量服用の兆候はなく適切に使用されている｜吐き気やめまいなどの自覚症状なく忍容性に問題なし
8115,アヘンアルカロイド系麻薬,便秘や眠気などの副作用の発現はなく経過良好である｜麻薬の定期服用により疼痛は安定しており日常生活に支障ない状態である｜用法用量を遵守し過量服用の兆候はなく適切に使用されている｜吐き気やめまいなどの自覚症状なく忍容性に問題なし
8119,アヘンアルカロイド系麻薬,便秘や眠気などの副作用の発現はなく経過良好である｜麻薬の定期服用により疼痛は安定しており日常生活に支障ない状態である｜用法用量を遵守し過量服用の兆候はなく適切に使用されている｜吐き気やめまいなどの自覚症状なく忍容性に問題なし
8121,コカアルカロイド系麻薬,疼痛コントロールは安定しており麻薬特有の副作用の出現も認められない｜眠気や便秘などの副作用の発現はなく服用継続に問題なし｜用法用量を遵守し適切に使用されており良好な経過である｜悪心や嘔吐などの消化器症状の訴えなく服用を継続できている
8211,覚せい剤,処方通り用法用量を遵守し継続できている｜依存性や乱用防止について再確認し指示通り服用できている｜過量服用の兆候はなく精神状態も安定している｜副作用による身体的変化は見られず服薬継続に支障なし
8219,覚せい剤,処方通り用法用量を遵守し継続できている｜依存性や乱用防止について再確認し指示通り服用できている｜過量服用の兆候はなく精神状態も安定している｜副作用による身体的変化は見られず服薬継続に支障なし
